mnist_00000.png,1
mnist_00001.png,3
mnist_00002.png,0
mnist_00003.png,3
mnist_00004.png,3
mnist_00005.png,2
mnist_00006.png,1
mnist_00007.png,1
mnist_00008.png,0
mnist_00009.png,2
mnist_00010.png,3
mnist_00011.png,0
mnist_00012.png,2
mnist_00013.png,3
mnist_00014.png,2
mnist_00015.png,3
mnist_00016.png,3
mnist_00017.png,2
mnist_00018.png,1
mnist_00019.png,1
mnist_00020.png,1
mnist_00021.png,1
mnist_00022.png,3
mnist_00023.png,0
mnist_00024.png,2
mnist_00025.png,0
mnist_00026.png,1
mnist_00027.png,1
mnist_00028.png,0
mnist_00029.png,2
mnist_00030.png,0
mnist_00031.png,3
mnist_00032.png,2
mnist_00033.png,3
mnist_00034.png,2
mnist_00035.png,0
mnist_00036.png,2
mnist_00037.png,3
mnist_00038.png,0
mnist_00039.png,3
mnist_00040.png,2
mnist_00041.png,0
mnist_00042.png,2
mnist_00043.png,0
mnist_00044.png,0
mnist_00045.png,1
mnist_00046.png,2
mnist_00047.png,3
mnist_00048.png,1
mnist_00049.png,2
mnist_00050.png,1
mnist_00051.png,3
mnist_00052.png,2
mnist_00053.png,3
mnist_00054.png,3
mnist_00055.png,1
mnist_00056.png,0
mnist_00057.png,0
mnist_00058.png,2
mnist_00059.png,3
mnist_00060.png,0
mnist_00061.png,3
mnist_00062.png,0
mnist_00063.png,2
mnist_00064.png,2
mnist_00065.png,0
mnist_00066.png,3
mnist_00067.png,1
mnist_00068.png,2
mnist_00069.png,3
mnist_00070.png,2
mnist_00071.png,1
mnist_00072.png,2
mnist_00073.png,2
mnist_00074.png,3
mnist_00075.png,3
mnist_00076.png,3
mnist_00077.png,0
mnist_00078.png,2
mnist_00079.png,3
mnist_00080.png,3
mnist_00081.png,0
mnist_00082.png,1
mnist_00083.png,1
mnist_00084.png,1
mnist_00085.png,1
mnist_00086.png,0
mnist_00087.png,2
mnist_00088.png,1
mnist_00089.png,1
mnist_00090.png,0
mnist_00091.png,0
mnist_00092.png,2
mnist_00093.png,1
mnist_00094.png,0
mnist_00095.png,1
mnist_00096.png,3
mnist_00097.png,2
mnist_00098.png,1
mnist_00099.png,2
mnist_00100.png,0
mnist_00101.png,3
mnist_00102.png,1
mnist_00103.png,1
mnist_00104.png,1
mnist_00105.png,3
mnist_00106.png,2
mnist_00107.png,0
mnist_00108.png,2
mnist_00109.png,2
mnist_00110.png,3
mnist_00111.png,0
mnist_00112.png,1
mnist_00113.png,1
mnist_00114.png,2
mnist_00115.png,2
mnist_00116.png,3
mnist_00117.png,0
mnist_00118.png,0
mnist_00119.png,2
mnist_00120.png,3
mnist_00121.png,0
mnist_00122.png,1
mnist_00123.png,0
mnist_00124.png,2
mnist_00125.png,3
mnist_00126.png,3
mnist_00127.png,2
mnist_00128.png,3
mnist_00129.png,0
mnist_00130.png,0
mnist_00131.png,2
mnist_00132.png,3
mnist_00133.png,0
mnist_00134.png,2
mnist_00135.png,0
mnist_00136.png,0
mnist_00137.png,2
mnist_00138.png,2
mnist_00139.png,1
mnist_00140.png,1
mnist_00141.png,0
mnist_00142.png,2
mnist_00143.png,0
mnist_00144.png,0
mnist_00145.png,2
mnist_00146.png,1
mnist_00147.png,2
mnist_00148.png,3
mnist_00149.png,3
mnist_00150.png,0
mnist_00151.png,1
mnist_00152.png,0
mnist_00153.png,1
mnist_00154.png,2
mnist_00155.png,2
mnist_00156.png,3
mnist_00157.png,0
mnist_00158.png,1
mnist_00159.png,1
mnist_00160.png,3
mnist_00161.png,0
mnist_00162.png,0
mnist_00163.png,2
mnist_00164.png,1
mnist_00165.png,2
mnist_00166.png,0
mnist_00167.png,2
mnist_00168.png,0
mnist_00169.png,1
mnist_00170.png,3
mnist_00171.png,1
mnist_00172.png,2
mnist_00173.png,2
mnist_00174.png,0
mnist_00175.png,3
mnist_00176.png,0
mnist_00177.png,0
mnist_00178.png,3
mnist_00179.png,1
mnist_00180.png,0
mnist_00181.png,0
mnist_00182.png,2
mnist_00183.png,0
mnist_00184.png,1
mnist_00185.png,1
mnist_00186.png,1
mnist_00187.png,3
mnist_00188.png,0
mnist_00189.png,0
mnist_00190.png,3
mnist_00191.png,0
mnist_00192.png,0
mnist_00193.png,1
mnist_00194.png,2
mnist_00195.png,0
mnist_00196.png,3
mnist_00197.png,2
mnist_00198.png,1
mnist_00199.png,0
mnist_00200.png,3
mnist_00201.png,0
mnist_00202.png,1
mnist_00203.png,2
mnist_00204.png,3
mnist_00205.png,2
mnist_00206.png,0
mnist_00207.png,3
mnist_00208.png,1
mnist_00209.png,1
mnist_00210.png,1
mnist_00211.png,2
mnist_00212.png,1
mnist_00213.png,0
mnist_00214.png,0
mnist_00215.png,3
mnist_00216.png,0
mnist_00217.png,2
mnist_00218.png,3
mnist_00219.png,1
mnist_00220.png,3
mnist_00221.png,0
mnist_00222.png,2
mnist_00223.png,3
mnist_00224.png,0
mnist_00225.png,2
mnist_00226.png,2
mnist_00227.png,3
mnist_00228.png,0
mnist_00229.png,1
mnist_00230.png,1
mnist_00231.png,3
mnist_00232.png,2
mnist_00233.png,1
mnist_00234.png,0
mnist_00235.png,0
mnist_00236.png,2
mnist_00237.png,2
mnist_00238.png,0
mnist_00239.png,0
mnist_00240.png,0
mnist_00241.png,1
mnist_00242.png,2
mnist_00243.png,1
mnist_00244.png,3
mnist_00245.png,0
mnist_00246.png,1
mnist_00247.png,0
mnist_00248.png,2
mnist_00249.png,2
mnist_00250.png,0
mnist_00251.png,1
mnist_00252.png,2
mnist_00253.png,3
mnist_00254.png,0
mnist_00255.png,0
mnist_00256.png,0
mnist_00257.png,2
mnist_00258.png,1
mnist_00259.png,0
mnist_00260.png,0
mnist_00261.png,0
mnist_00262.png,3
mnist_00263.png,2
mnist_00264.png,1
mnist_00265.png,1
mnist_00266.png,2
mnist_00267.png,2
mnist_00268.png,3
mnist_00269.png,0
mnist_00270.png,1
mnist_00271.png,3
mnist_00272.png,1
mnist_00273.png,2
mnist_00274.png,0
mnist_00275.png,3
mnist_00276.png,2
mnist_00277.png,0
mnist_00278.png,3
mnist_00279.png,1
mnist_00280.png,2
mnist_00281.png,3
mnist_00282.png,3
mnist_00283.png,1
mnist_00284.png,3
mnist_00285.png,0
mnist_00286.png,0
mnist_00287.png,0
mnist_00288.png,0
mnist_00289.png,0
mnist_00290.png,0
mnist_00291.png,0
mnist_00292.png,1
mnist_00293.png,0
mnist_00294.png,0
mnist_00295.png,3
mnist_00296.png,1
mnist_00297.png,0
mnist_00298.png,2
mnist_00299.png,1
mnist_00300.png,0
mnist_00301.png,2
mnist_00302.png,0
mnist_00303.png,1
mnist_00304.png,2
mnist_00305.png,1
mnist_00306.png,3
mnist_00307.png,0
mnist_00308.png,2
mnist_00309.png,2
mnist_00310.png,2
mnist_00311.png,3
mnist_00312.png,2
mnist_00313.png,2
mnist_00314.png,1
mnist_00315.png,1
mnist_00316.png,0
mnist_00317.png,0
mnist_00318.png,2
mnist_00319.png,1
mnist_00320.png,0
mnist_00321.png,3
mnist_00322.png,0
mnist_00323.png,1
mnist_00324.png,1
mnist_00325.png,3
mnist_00326.png,3
mnist_00327.png,2
mnist_00328.png,3
mnist_00329.png,2
mnist_00330.png,2
mnist_00331.png,2
mnist_00332.png,0
mnist_00333.png,2
mnist_00334.png,0
mnist_00335.png,0
mnist_00336.png,0
mnist_00337.png,0
mnist_00338.png,2
mnist_00339.png,2
mnist_00340.png,3
mnist_00341.png,0
mnist_00342.png,3
mnist_00343.png,1
mnist_00344.png,3
mnist_00345.png,2
mnist_00346.png,3
mnist_00347.png,2
mnist_00348.png,3
mnist_00349.png,2
mnist_00350.png,0
mnist_00351.png,3
mnist_00352.png,3
mnist_00353.png,2
mnist_00354.png,2
mnist_00355.png,3
mnist_00356.png,1
mnist_00357.png,1
mnist_00358.png,1
mnist_00359.png,0
mnist_00360.png,1
mnist_00361.png,3
mnist_00362.png,1
mnist_00363.png,2
mnist_00364.png,3
mnist_00365.png,0
mnist_00366.png,1
mnist_00367.png,1
mnist_00368.png,3
mnist_00369.png,3
mnist_00370.png,2
mnist_00371.png,3
mnist_00372.png,1
mnist_00373.png,1
mnist_00374.png,2
mnist_00375.png,0
mnist_00376.png,1
mnist_00377.png,0
mnist_00378.png,2
mnist_00379.png,0
mnist_00380.png,2
mnist_00381.png,1
mnist_00382.png,3
mnist_00383.png,0
mnist_00384.png,1
mnist_00385.png,1
mnist_00386.png,1
mnist_00387.png,3
mnist_00388.png,1
mnist_00389.png,1
mnist_00390.png,1
mnist_00391.png,1
mnist_00392.png,3
mnist_00393.png,2
mnist_00394.png,0
mnist_00395.png,3
mnist_00396.png,2
mnist_00397.png,2
mnist_00398.png,0
mnist_00399.png,0
mnist_00400.png,1
mnist_00401.png,3
mnist_00402.png,2
mnist_00403.png,3
mnist_00404.png,1
mnist_00405.png,1
mnist_00406.png,0
mnist_00407.png,1
mnist_00408.png,3
mnist_00409.png,0
mnist_00410.png,3
mnist_00411.png,3
mnist_00412.png,3
mnist_00413.png,3
mnist_00414.png,3
mnist_00415.png,3
mnist_00416.png,0
mnist_00417.png,1
mnist_00418.png,2
mnist_00419.png,0
mnist_00420.png,2
mnist_00421.png,3
mnist_00422.png,2
mnist_00423.png,3
mnist_00424.png,3
mnist_00425.png,1
mnist_00426.png,0
mnist_00427.png,1
mnist_00428.png,3
mnist_00429.png,3
mnist_00430.png,1
mnist_00431.png,3
mnist_00432.png,2
mnist_00433.png,3
mnist_00434.png,0
mnist_00435.png,2
mnist_00436.png,0
mnist_00437.png,3
mnist_00438.png,2
mnist_00439.png,0
mnist_00440.png,1
mnist_00441.png,3
mnist_00442.png,1
mnist_00443.png,2
mnist_00444.png,0
mnist_00445.png,1
mnist_00446.png,3
mnist_00447.png,2
mnist_00448.png,2
mnist_00449.png,3
mnist_00450.png,2
mnist_00451.png,2
mnist_00452.png,0
mnist_00453.png,3
mnist_00454.png,1
mnist_00455.png,2
mnist_00456.png,1
mnist_00457.png,1
mnist_00458.png,3
mnist_00459.png,1
mnist_00460.png,2
mnist_00461.png,0
mnist_00462.png,2
mnist_00463.png,2
mnist_00464.png,3
mnist_00465.png,3
mnist_00466.png,3
mnist_00467.png,0
mnist_00468.png,3
mnist_00469.png,3
mnist_00470.png,2
mnist_00471.png,3
mnist_00472.png,1
mnist_00473.png,2
mnist_00474.png,0
mnist_00475.png,1
mnist_00476.png,0
mnist_00477.png,2
mnist_00478.png,1
mnist_00479.png,0
mnist_00480.png,1
mnist_00481.png,0
mnist_00482.png,2
mnist_00483.png,2
mnist_00484.png,3
mnist_00485.png,1
mnist_00486.png,0
mnist_00487.png,1
mnist_00488.png,0
mnist_00489.png,3
mnist_00490.png,2
mnist_00491.png,2
mnist_00492.png,0
mnist_00493.png,1
mnist_00494.png,0
mnist_00495.png,3
mnist_00496.png,3
mnist_00497.png,0
mnist_00498.png,0
mnist_00499.png,3
mnist_00500.png,0
mnist_00501.png,2
mnist_00502.png,3
mnist_00503.png,1
mnist_00504.png,1
mnist_00505.png,0
mnist_00506.png,0
mnist_00507.png,3
mnist_00508.png,1
mnist_00509.png,3
mnist_00510.png,1
mnist_00511.png,2
mnist_00512.png,1
mnist_00513.png,2
mnist_00514.png,2
mnist_00515.png,0
mnist_00516.png,1
mnist_00517.png,2
mnist_00518.png,1
mnist_00519.png,2
mnist_00520.png,3
mnist_00521.png,2
mnist_00522.png,1
mnist_00523.png,1
mnist_00524.png,2
mnist_00525.png,3
mnist_00526.png,2
mnist_00527.png,1
mnist_00528.png,2
mnist_00529.png,1
mnist_00530.png,0
mnist_00531.png,3
mnist_00532.png,0
mnist_00533.png,3
mnist_00534.png,3
mnist_00535.png,0
mnist_00536.png,3
mnist_00537.png,0
mnist_00538.png,0
mnist_00539.png,1
mnist_00540.png,1
mnist_00541.png,1
mnist_00542.png,2
mnist_00543.png,3
mnist_00544.png,3
mnist_00545.png,1
mnist_00546.png,0
mnist_00547.png,0
mnist_00548.png,0
mnist_00549.png,1
mnist_00550.png,0
mnist_00551.png,2
mnist_00552.png,0
mnist_00553.png,0
mnist_00554.png,3
mnist_00555.png,0
mnist_00556.png,3
mnist_00557.png,0
mnist_00558.png,0
mnist_00559.png,2
mnist_00560.png,0
mnist_00561.png,1
mnist_00562.png,2
mnist_00563.png,1
mnist_00564.png,3
mnist_00565.png,2
mnist_00566.png,1
mnist_00567.png,0
mnist_00568.png,0
mnist_00569.png,2
mnist_00570.png,3
mnist_00571.png,1
mnist_00572.png,0
mnist_00573.png,1
mnist_00574.png,2
mnist_00575.png,2
mnist_00576.png,2
mnist_00577.png,3
mnist_00578.png,1
mnist_00579.png,1
mnist_00580.png,0
mnist_00581.png,3
mnist_00582.png,3
mnist_00583.png,2
mnist_00584.png,2
mnist_00585.png,0
mnist_00586.png,0
mnist_00587.png,1
mnist_00588.png,3
mnist_00589.png,3
mnist_00590.png,1
mnist_00591.png,3
mnist_00592.png,2
mnist_00593.png,0
mnist_00594.png,1
mnist_00595.png,0
mnist_00596.png,3
mnist_00597.png,1
mnist_00598.png,3
mnist_00599.png,0
mnist_00600.png,1
mnist_00601.png,3
mnist_00602.png,3
mnist_00603.png,3
mnist_00604.png,2
mnist_00605.png,1
mnist_00606.png,2
mnist_00607.png,3
mnist_00608.png,0
mnist_00609.png,2
mnist_00610.png,2
mnist_00611.png,2
mnist_00612.png,3
mnist_00613.png,3
mnist_00614.png,0
mnist_00615.png,1
mnist_00616.png,2
mnist_00617.png,1
mnist_00618.png,2
mnist_00619.png,0
mnist_00620.png,0
mnist_00621.png,0
mnist_00622.png,0
mnist_00623.png,1
mnist_00624.png,1
mnist_00625.png,1
mnist_00626.png,2
mnist_00627.png,3
mnist_00628.png,0
mnist_00629.png,2
mnist_00630.png,1
mnist_00631.png,0
mnist_00632.png,1
mnist_00633.png,1
mnist_00634.png,2
mnist_00635.png,1
mnist_00636.png,2
mnist_00637.png,2
mnist_00638.png,2
mnist_00639.png,2
mnist_00640.png,2
mnist_00641.png,0
mnist_00642.png,2
mnist_00643.png,1
mnist_00644.png,2
mnist_00645.png,2
mnist_00646.png,3
mnist_00647.png,1
mnist_00648.png,2
mnist_00649.png,3
mnist_00650.png,0
mnist_00651.png,1
mnist_00652.png,0
mnist_00653.png,3
mnist_00654.png,1
mnist_00655.png,1
mnist_00656.png,2
mnist_00657.png,2
mnist_00658.png,0
mnist_00659.png,3
mnist_00660.png,0
mnist_00661.png,2
mnist_00662.png,3
mnist_00663.png,0
mnist_00664.png,3
mnist_00665.png,0
mnist_00666.png,2
mnist_00667.png,3
mnist_00668.png,3
mnist_00669.png,1
mnist_00670.png,0
mnist_00671.png,2
mnist_00672.png,0
mnist_00673.png,1
mnist_00674.png,2
mnist_00675.png,3
mnist_00676.png,2
mnist_00677.png,0
mnist_00678.png,2
mnist_00679.png,3
mnist_00680.png,1
mnist_00681.png,1
mnist_00682.png,1
mnist_00683.png,2
mnist_00684.png,3
mnist_00685.png,1
mnist_00686.png,2
mnist_00687.png,1
mnist_00688.png,3
mnist_00689.png,0
mnist_00690.png,2
mnist_00691.png,1
mnist_00692.png,3
mnist_00693.png,2
mnist_00694.png,0
mnist_00695.png,1
mnist_00696.png,2
mnist_00697.png,0
mnist_00698.png,2
mnist_00699.png,0
mnist_00700.png,1
mnist_00701.png,1
mnist_00702.png,1
mnist_00703.png,0
mnist_00704.png,2
mnist_00705.png,3
mnist_00706.png,0
mnist_00707.png,3
mnist_00708.png,3
mnist_00709.png,2
mnist_00710.png,3
mnist_00711.png,2
mnist_00712.png,1
mnist_00713.png,3
mnist_00714.png,0
mnist_00715.png,3
mnist_00716.png,3
mnist_00717.png,3
mnist_00718.png,2
mnist_00719.png,0
mnist_00720.png,0
mnist_00721.png,1
mnist_00722.png,2
mnist_00723.png,3
mnist_00724.png,3
mnist_00725.png,3
mnist_00726.png,3
mnist_00727.png,0
mnist_00728.png,1
mnist_00729.png,0
mnist_00730.png,1
mnist_00731.png,1
mnist_00732.png,1
mnist_00733.png,1
mnist_00734.png,0
mnist_00735.png,0
mnist_00736.png,2
mnist_00737.png,1
mnist_00738.png,3
mnist_00739.png,0
mnist_00740.png,0
mnist_00741.png,2
mnist_00742.png,0
mnist_00743.png,2
mnist_00744.png,0
mnist_00745.png,3
mnist_00746.png,1
mnist_00747.png,1
mnist_00748.png,0
mnist_00749.png,0
mnist_00750.png,3
mnist_00751.png,2
mnist_00752.png,0
mnist_00753.png,0
mnist_00754.png,2
mnist_00755.png,1
mnist_00756.png,2
mnist_00757.png,2
mnist_00758.png,1
mnist_00759.png,3
mnist_00760.png,2
mnist_00761.png,0
mnist_00762.png,1
mnist_00763.png,1
mnist_00764.png,3
mnist_00765.png,0
mnist_00766.png,2
mnist_00767.png,3
mnist_00768.png,2
mnist_00769.png,3
mnist_00770.png,3
mnist_00771.png,0
mnist_00772.png,2
mnist_00773.png,3
mnist_00774.png,0
mnist_00775.png,3
mnist_00776.png,1
mnist_00777.png,3
mnist_00778.png,0
mnist_00779.png,1
mnist_00780.png,1
mnist_00781.png,3
mnist_00782.png,2
mnist_00783.png,1
mnist_00784.png,1
mnist_00785.png,1
mnist_00786.png,0
mnist_00787.png,3
mnist_00788.png,0
mnist_00789.png,1
mnist_00790.png,3
mnist_00791.png,1
mnist_00792.png,3
mnist_00793.png,2
mnist_00794.png,2
mnist_00795.png,1
mnist_00796.png,2
mnist_00797.png,1
mnist_00798.png,3
mnist_00799.png,2
mnist_00800.png,1
mnist_00801.png,2
mnist_00802.png,0
mnist_00803.png,1
mnist_00804.png,3
mnist_00805.png,2
mnist_00806.png,1
mnist_00807.png,0
mnist_00808.png,2
mnist_00809.png,3
mnist_00810.png,3
mnist_00811.png,3
mnist_00812.png,0
mnist_00813.png,3
mnist_00814.png,0
mnist_00815.png,3
mnist_00816.png,2
mnist_00817.png,3
mnist_00818.png,3
mnist_00819.png,3
mnist_00820.png,1
mnist_00821.png,2
mnist_00822.png,2
mnist_00823.png,1
mnist_00824.png,3
mnist_00825.png,2
mnist_00826.png,3
mnist_00827.png,0
mnist_00828.png,1
mnist_00829.png,0
mnist_00830.png,0
mnist_00831.png,1
mnist_00832.png,1
mnist_00833.png,2
mnist_00834.png,2
mnist_00835.png,2
mnist_00836.png,2
mnist_00837.png,2
mnist_00838.png,1
mnist_00839.png,3
mnist_00840.png,3
mnist_00841.png,2
mnist_00842.png,0
mnist_00843.png,0
mnist_00844.png,1
mnist_00845.png,3
mnist_00846.png,1
mnist_00847.png,1
mnist_00848.png,1
mnist_00849.png,1
mnist_00850.png,2
mnist_00851.png,2
mnist_00852.png,0
mnist_00853.png,3
mnist_00854.png,1
mnist_00855.png,2
mnist_00856.png,0
mnist_00857.png,3
mnist_00858.png,2
mnist_00859.png,1
mnist_00860.png,2
mnist_00861.png,1
mnist_00862.png,2
mnist_00863.png,2
mnist_00864.png,0
mnist_00865.png,3
mnist_00866.png,0
mnist_00867.png,1
mnist_00868.png,1
mnist_00869.png,3
mnist_00870.png,0
mnist_00871.png,3
mnist_00872.png,1
mnist_00873.png,2
mnist_00874.png,0
mnist_00875.png,3
mnist_00876.png,3
mnist_00877.png,2
mnist_00878.png,1
mnist_00879.png,2
mnist_00880.png,3
mnist_00881.png,2
mnist_00882.png,0
mnist_00883.png,0
mnist_00884.png,0
mnist_00885.png,2
mnist_00886.png,3
mnist_00887.png,0
mnist_00888.png,2
mnist_00889.png,3
mnist_00890.png,3
mnist_00891.png,2
mnist_00892.png,3
mnist_00893.png,0
mnist_00894.png,1
mnist_00895.png,2
mnist_00896.png,1
mnist_00897.png,2
mnist_00898.png,1
mnist_00899.png,0
mnist_00900.png,2
mnist_00901.png,0
mnist_00902.png,3
mnist_00903.png,2
mnist_00904.png,1
mnist_00905.png,3
mnist_00906.png,3
mnist_00907.png,0
mnist_00908.png,3
mnist_00909.png,0
mnist_00910.png,0
mnist_00911.png,1
mnist_00912.png,0
mnist_00913.png,3
mnist_00914.png,2
mnist_00915.png,3
mnist_00916.png,1
mnist_00917.png,2
mnist_00918.png,2
mnist_00919.png,2
mnist_00920.png,3
mnist_00921.png,3
mnist_00922.png,1
mnist_00923.png,2
mnist_00924.png,0
mnist_00925.png,3
mnist_00926.png,0
mnist_00927.png,3
mnist_00928.png,2
mnist_00929.png,3
mnist_00930.png,2
mnist_00931.png,2
mnist_00932.png,3
mnist_00933.png,1
mnist_00934.png,2
mnist_00935.png,2
mnist_00936.png,0
mnist_00937.png,3
mnist_00938.png,3
mnist_00939.png,3
mnist_00940.png,2
mnist_00941.png,2
mnist_00942.png,3
mnist_00943.png,3
mnist_00944.png,1
mnist_00945.png,3
mnist_00946.png,1
mnist_00947.png,0
mnist_00948.png,2
mnist_00949.png,0
mnist_00950.png,0
mnist_00951.png,2
mnist_00952.png,2
mnist_00953.png,3
mnist_00954.png,2
mnist_00955.png,0
mnist_00956.png,0
mnist_00957.png,3
mnist_00958.png,3
mnist_00959.png,3
mnist_00960.png,1
mnist_00961.png,2
mnist_00962.png,2
mnist_00963.png,1
mnist_00964.png,1
mnist_00965.png,0
mnist_00966.png,3
mnist_00967.png,3
mnist_00968.png,0
mnist_00969.png,3
mnist_00970.png,2
mnist_00971.png,3
mnist_00972.png,0
mnist_00973.png,1
mnist_00974.png,0
mnist_00975.png,1
mnist_00976.png,0
mnist_00977.png,2
mnist_00978.png,3
mnist_00979.png,2
mnist_00980.png,2
mnist_00981.png,2
mnist_00982.png,0
mnist_00983.png,3
mnist_00984.png,3
mnist_00985.png,3
mnist_00986.png,0
mnist_00987.png,3
mnist_00988.png,0
mnist_00989.png,3
mnist_00990.png,3
mnist_00991.png,2
mnist_00992.png,3
mnist_00993.png,0
mnist_00994.png,3
mnist_00995.png,0
mnist_00996.png,2
mnist_00997.png,1
mnist_00998.png,1
mnist_00999.png,3
mnist_01000.png,2
mnist_01001.png,2
mnist_01002.png,3
mnist_01003.png,0
mnist_01004.png,1
mnist_01005.png,0
mnist_01006.png,0
mnist_01007.png,2
mnist_01008.png,0
mnist_01009.png,1
mnist_01010.png,0
mnist_01011.png,0
mnist_01012.png,3
mnist_01013.png,0
mnist_01014.png,0
mnist_01015.png,1
mnist_01016.png,0
mnist_01017.png,3
mnist_01018.png,1
mnist_01019.png,1
mnist_01020.png,3
mnist_01021.png,2
mnist_01022.png,1
mnist_01023.png,1
mnist_01024.png,0
mnist_01025.png,1
mnist_01026.png,3
mnist_01027.png,3
mnist_01028.png,2
mnist_01029.png,1
mnist_01030.png,0
mnist_01031.png,0
mnist_01032.png,2
mnist_01033.png,2
mnist_01034.png,3
mnist_01035.png,1
mnist_01036.png,0
mnist_01037.png,3
mnist_01038.png,3
mnist_01039.png,2
mnist_01040.png,3
mnist_01041.png,0
mnist_01042.png,1
mnist_01043.png,2
mnist_01044.png,1
mnist_01045.png,1
mnist_01046.png,2
mnist_01047.png,0
mnist_01048.png,3
mnist_01049.png,0
mnist_01050.png,3
mnist_01051.png,3
mnist_01052.png,0
mnist_01053.png,2
mnist_01054.png,2
mnist_01055.png,3
mnist_01056.png,1
mnist_01057.png,3
mnist_01058.png,0
mnist_01059.png,3
mnist_01060.png,2
mnist_01061.png,1
mnist_01062.png,2
mnist_01063.png,1
mnist_01064.png,1
mnist_01065.png,0
mnist_01066.png,1
mnist_01067.png,0
mnist_01068.png,1
mnist_01069.png,1
mnist_01070.png,1
mnist_01071.png,1
mnist_01072.png,3
mnist_01073.png,1
mnist_01074.png,2
mnist_01075.png,0
mnist_01076.png,3
mnist_01077.png,3
mnist_01078.png,2
mnist_01079.png,3
mnist_01080.png,2
mnist_01081.png,2
mnist_01082.png,0
mnist_01083.png,0
mnist_01084.png,2
mnist_01085.png,1
mnist_01086.png,2
mnist_01087.png,1
mnist_01088.png,3
mnist_01089.png,3
mnist_01090.png,1
mnist_01091.png,1
mnist_01092.png,1
mnist_01093.png,1
mnist_01094.png,1
mnist_01095.png,0
mnist_01096.png,0
mnist_01097.png,1
mnist_01098.png,3
mnist_01099.png,1
mnist_01100.png,3
mnist_01101.png,2
mnist_01102.png,0
mnist_01103.png,2
mnist_01104.png,3
mnist_01105.png,0
mnist_01106.png,0
mnist_01107.png,3
mnist_01108.png,1
mnist_01109.png,0
mnist_01110.png,2
mnist_01111.png,3
mnist_01112.png,2
mnist_01113.png,2
mnist_01114.png,2
mnist_01115.png,0
mnist_01116.png,0
mnist_01117.png,2
mnist_01118.png,2
mnist_01119.png,1
mnist_01120.png,1
mnist_01121.png,1
mnist_01122.png,2
mnist_01123.png,1
mnist_01124.png,1
mnist_01125.png,0
mnist_01126.png,2
mnist_01127.png,2
mnist_01128.png,0
mnist_01129.png,3
mnist_01130.png,2
mnist_01131.png,1
mnist_01132.png,2
mnist_01133.png,2
mnist_01134.png,1
mnist_01135.png,1
mnist_01136.png,2
mnist_01137.png,1
mnist_01138.png,0
mnist_01139.png,2
mnist_01140.png,3
mnist_01141.png,3
mnist_01142.png,2
mnist_01143.png,2
mnist_01144.png,2
mnist_01145.png,2
mnist_01146.png,2
mnist_01147.png,2
mnist_01148.png,3
mnist_01149.png,1
mnist_01150.png,2
mnist_01151.png,2
mnist_01152.png,0
mnist_01153.png,2
mnist_01154.png,1
mnist_01155.png,1
mnist_01156.png,1
mnist_01157.png,3
mnist_01158.png,0
mnist_01159.png,2
mnist_01160.png,3
mnist_01161.png,2
mnist_01162.png,2
mnist_01163.png,0
mnist_01164.png,1
mnist_01165.png,2
mnist_01166.png,0
mnist_01167.png,2
mnist_01168.png,1
mnist_01169.png,1
mnist_01170.png,2
mnist_01171.png,3
mnist_01172.png,3
mnist_01173.png,2
mnist_01174.png,3
mnist_01175.png,2
mnist_01176.png,2
mnist_01177.png,1
mnist_01178.png,3
mnist_01179.png,1
mnist_01180.png,3
mnist_01181.png,2
mnist_01182.png,3
mnist_01183.png,3
mnist_01184.png,0
mnist_01185.png,1
mnist_01186.png,0
mnist_01187.png,1
mnist_01188.png,2
mnist_01189.png,1
mnist_01190.png,3
mnist_01191.png,1
mnist_01192.png,1
mnist_01193.png,2
mnist_01194.png,0
mnist_01195.png,2
mnist_01196.png,0
mnist_01197.png,3
mnist_01198.png,3
mnist_01199.png,2
mnist_01200.png,0
mnist_01201.png,1
mnist_01202.png,3
mnist_01203.png,1
mnist_01204.png,1
mnist_01205.png,1
mnist_01206.png,3
mnist_01207.png,0
mnist_01208.png,0
mnist_01209.png,0
mnist_01210.png,3
mnist_01211.png,2
mnist_01212.png,3
mnist_01213.png,3
mnist_01214.png,3
mnist_01215.png,3
mnist_01216.png,2
mnist_01217.png,1
mnist_01218.png,2
mnist_01219.png,3
mnist_01220.png,1
mnist_01221.png,2
mnist_01222.png,0
mnist_01223.png,3
mnist_01224.png,2
mnist_01225.png,0
mnist_01226.png,2
mnist_01227.png,0
mnist_01228.png,2
mnist_01229.png,2
mnist_01230.png,2
mnist_01231.png,1
mnist_01232.png,2
mnist_01233.png,2
mnist_01234.png,3
mnist_01235.png,0
mnist_01236.png,3
mnist_01237.png,2
mnist_01238.png,1
mnist_01239.png,0
mnist_01240.png,1
mnist_01241.png,2
mnist_01242.png,1
mnist_01243.png,0
mnist_01244.png,1
mnist_01245.png,1
mnist_01246.png,2
mnist_01247.png,0
mnist_01248.png,1
mnist_01249.png,3
mnist_01250.png,1
mnist_01251.png,1
mnist_01252.png,3
mnist_01253.png,1
mnist_01254.png,3
mnist_01255.png,2
mnist_01256.png,0
mnist_01257.png,1
mnist_01258.png,2
mnist_01259.png,0
mnist_01260.png,3
mnist_01261.png,0
mnist_01262.png,2
mnist_01263.png,3
mnist_01264.png,2
mnist_01265.png,1
mnist_01266.png,1
mnist_01267.png,2
mnist_01268.png,2
mnist_01269.png,2
mnist_01270.png,2
mnist_01271.png,0
mnist_01272.png,1
mnist_01273.png,3
mnist_01274.png,2
mnist_01275.png,3
mnist_01276.png,3
mnist_01277.png,2
mnist_01278.png,0
mnist_01279.png,1
mnist_01280.png,2
mnist_01281.png,0
mnist_01282.png,1
mnist_01283.png,0
mnist_01284.png,1
mnist_01285.png,0
mnist_01286.png,0
mnist_01287.png,3
mnist_01288.png,1
mnist_01289.png,2
mnist_01290.png,3
mnist_01291.png,0
mnist_01292.png,1
mnist_01293.png,2
mnist_01294.png,0
mnist_01295.png,2
mnist_01296.png,0
mnist_01297.png,0
mnist_01298.png,2
mnist_01299.png,0
mnist_01300.png,2
mnist_01301.png,0
mnist_01302.png,2
mnist_01303.png,0
mnist_01304.png,0
mnist_01305.png,0
mnist_01306.png,2
mnist_01307.png,2
mnist_01308.png,3
mnist_01309.png,0
mnist_01310.png,0
mnist_01311.png,3
mnist_01312.png,1
mnist_01313.png,0
mnist_01314.png,3
mnist_01315.png,1
mnist_01316.png,0
mnist_01317.png,3
mnist_01318.png,2
mnist_01319.png,0
mnist_01320.png,3
mnist_01321.png,2
mnist_01322.png,1
mnist_01323.png,0
mnist_01324.png,1
mnist_01325.png,3
mnist_01326.png,1
mnist_01327.png,3
mnist_01328.png,0
mnist_01329.png,1
mnist_01330.png,2
mnist_01331.png,1
mnist_01332.png,0
mnist_01333.png,3
mnist_01334.png,3
mnist_01335.png,1
mnist_01336.png,2
mnist_01337.png,0
mnist_01338.png,3
mnist_01339.png,0
mnist_01340.png,0
mnist_01341.png,2
mnist_01342.png,0
mnist_01343.png,3
mnist_01344.png,3
mnist_01345.png,2
mnist_01346.png,1
mnist_01347.png,0
mnist_01348.png,0
mnist_01349.png,2
mnist_01350.png,2
mnist_01351.png,0
mnist_01352.png,3
mnist_01353.png,2
mnist_01354.png,1
mnist_01355.png,1
mnist_01356.png,1
mnist_01357.png,0
mnist_01358.png,1
mnist_01359.png,3
mnist_01360.png,2
mnist_01361.png,0
mnist_01362.png,2
mnist_01363.png,2
mnist_01364.png,2
mnist_01365.png,1
mnist_01366.png,3
mnist_01367.png,1
mnist_01368.png,0
mnist_01369.png,0
mnist_01370.png,1
mnist_01371.png,3
mnist_01372.png,2
mnist_01373.png,1
mnist_01374.png,0
mnist_01375.png,2
mnist_01376.png,3
mnist_01377.png,3
mnist_01378.png,1
mnist_01379.png,0
mnist_01380.png,3
mnist_01381.png,1
mnist_01382.png,0
mnist_01383.png,1
mnist_01384.png,1
mnist_01385.png,3
mnist_01386.png,3
mnist_01387.png,1
mnist_01388.png,2
mnist_01389.png,2
mnist_01390.png,2
mnist_01391.png,2
mnist_01392.png,2
mnist_01393.png,1
mnist_01394.png,1
mnist_01395.png,2
mnist_01396.png,0
mnist_01397.png,0
mnist_01398.png,3
mnist_01399.png,0
mnist_01400.png,1
mnist_01401.png,3
mnist_01402.png,2
mnist_01403.png,3
mnist_01404.png,1
mnist_01405.png,3
mnist_01406.png,2
mnist_01407.png,3
mnist_01408.png,2
mnist_01409.png,3
mnist_01410.png,3
mnist_01411.png,0
mnist_01412.png,2
mnist_01413.png,2
mnist_01414.png,0
mnist_01415.png,3
mnist_01416.png,1
mnist_01417.png,2
mnist_01418.png,0
mnist_01419.png,0
mnist_01420.png,0
mnist_01421.png,2
mnist_01422.png,3
mnist_01423.png,1
mnist_01424.png,3
mnist_01425.png,0
mnist_01426.png,3
mnist_01427.png,1
mnist_01428.png,3
mnist_01429.png,2
mnist_01430.png,1
mnist_01431.png,3
mnist_01432.png,0
mnist_01433.png,1
mnist_01434.png,1
mnist_01435.png,0
mnist_01436.png,1
mnist_01437.png,3
mnist_01438.png,2
mnist_01439.png,1
mnist_01440.png,1
mnist_01441.png,0
mnist_01442.png,1
mnist_01443.png,1
mnist_01444.png,0
mnist_01445.png,0
mnist_01446.png,0
mnist_01447.png,1
mnist_01448.png,0
mnist_01449.png,2
mnist_01450.png,0
mnist_01451.png,1
mnist_01452.png,2
mnist_01453.png,1
mnist_01454.png,3
mnist_01455.png,3
mnist_01456.png,3
mnist_01457.png,2
mnist_01458.png,0
mnist_01459.png,2
mnist_01460.png,1
mnist_01461.png,3
mnist_01462.png,0
mnist_01463.png,1
mnist_01464.png,1
mnist_01465.png,2
mnist_01466.png,0
mnist_01467.png,2
mnist_01468.png,3
mnist_01469.png,2
mnist_01470.png,2
mnist_01471.png,1
mnist_01472.png,3
mnist_01473.png,1
mnist_01474.png,1
mnist_01475.png,1
mnist_01476.png,1
mnist_01477.png,0
mnist_01478.png,2
mnist_01479.png,1
mnist_01480.png,1
mnist_01481.png,3
mnist_01482.png,3
mnist_01483.png,0
mnist_01484.png,2
mnist_01485.png,3
mnist_01486.png,1
mnist_01487.png,0
mnist_01488.png,2
mnist_01489.png,2
mnist_01490.png,2
mnist_01491.png,3
mnist_01492.png,1
mnist_01493.png,2
mnist_01494.png,2
mnist_01495.png,2
mnist_01496.png,3
mnist_01497.png,2
mnist_01498.png,0
mnist_01499.png,2
mnist_01500.png,0
mnist_01501.png,3
mnist_01502.png,1
mnist_01503.png,3
mnist_01504.png,3
mnist_01505.png,1
mnist_01506.png,0
mnist_01507.png,2
mnist_01508.png,0
mnist_01509.png,3
mnist_01510.png,0
mnist_01511.png,0
mnist_01512.png,0
mnist_01513.png,1
mnist_01514.png,2
mnist_01515.png,0
mnist_01516.png,3
mnist_01517.png,2
mnist_01518.png,3
mnist_01519.png,3
mnist_01520.png,2
mnist_01521.png,3
mnist_01522.png,1
mnist_01523.png,3
mnist_01524.png,2
mnist_01525.png,0
mnist_01526.png,0
mnist_01527.png,1
mnist_01528.png,2
mnist_01529.png,1
mnist_01530.png,1
mnist_01531.png,3
mnist_01532.png,3
mnist_01533.png,0
mnist_01534.png,3
mnist_01535.png,2
mnist_01536.png,2
mnist_01537.png,2
mnist_01538.png,1
mnist_01539.png,1
mnist_01540.png,2
mnist_01541.png,2
mnist_01542.png,2
mnist_01543.png,2
mnist_01544.png,3
mnist_01545.png,2
mnist_01546.png,0
mnist_01547.png,1
mnist_01548.png,2
mnist_01549.png,2
mnist_01550.png,1
mnist_01551.png,3
mnist_01552.png,3
mnist_01553.png,2
mnist_01554.png,2
mnist_01555.png,3
mnist_01556.png,2
mnist_01557.png,0
mnist_01558.png,2
mnist_01559.png,1
mnist_01560.png,2
mnist_01561.png,3
mnist_01562.png,0
mnist_01563.png,2
mnist_01564.png,2
mnist_01565.png,3
mnist_01566.png,2
mnist_01567.png,0
mnist_01568.png,0
mnist_01569.png,3
mnist_01570.png,0
mnist_01571.png,1
mnist_01572.png,1
mnist_01573.png,0
mnist_01574.png,2
mnist_01575.png,0
mnist_01576.png,1
mnist_01577.png,2
mnist_01578.png,2
mnist_01579.png,3
mnist_01580.png,0
mnist_01581.png,1
mnist_01582.png,1
mnist_01583.png,2
mnist_01584.png,3
mnist_01585.png,1
mnist_01586.png,2
mnist_01587.png,2
mnist_01588.png,0
mnist_01589.png,1
mnist_01590.png,0
mnist_01591.png,0
mnist_01592.png,3
mnist_01593.png,3
mnist_01594.png,2
mnist_01595.png,1
mnist_01596.png,0
mnist_01597.png,3
mnist_01598.png,1
mnist_01599.png,3
mnist_01600.png,2
mnist_01601.png,3
mnist_01602.png,3
mnist_01603.png,3
mnist_01604.png,0
mnist_01605.png,0
mnist_01606.png,1
mnist_01607.png,0
mnist_01608.png,3
mnist_01609.png,1
mnist_01610.png,2
mnist_01611.png,3
mnist_01612.png,0
mnist_01613.png,2
mnist_01614.png,1
mnist_01615.png,1
mnist_01616.png,2
mnist_01617.png,3
mnist_01618.png,0
mnist_01619.png,1
mnist_01620.png,0
mnist_01621.png,1
mnist_01622.png,3
mnist_01623.png,2
mnist_01624.png,1
mnist_01625.png,3
mnist_01626.png,3
mnist_01627.png,1
mnist_01628.png,0
mnist_01629.png,2
mnist_01630.png,0
mnist_01631.png,0
mnist_01632.png,3
mnist_01633.png,0
mnist_01634.png,0
mnist_01635.png,1
mnist_01636.png,3
mnist_01637.png,0
mnist_01638.png,1
mnist_01639.png,2
mnist_01640.png,2
mnist_01641.png,2
mnist_01642.png,2
mnist_01643.png,1
mnist_01644.png,1
mnist_01645.png,3
mnist_01646.png,1
mnist_01647.png,1
mnist_01648.png,3
mnist_01649.png,3
mnist_01650.png,1
mnist_01651.png,0
mnist_01652.png,1
mnist_01653.png,0
mnist_01654.png,2
mnist_01655.png,2
mnist_01656.png,2
mnist_01657.png,0
mnist_01658.png,1
mnist_01659.png,3
mnist_01660.png,1
mnist_01661.png,3
mnist_01662.png,0
mnist_01663.png,3
mnist_01664.png,0
mnist_01665.png,2
mnist_01666.png,1
mnist_01667.png,1
mnist_01668.png,0
mnist_01669.png,0
mnist_01670.png,3
mnist_01671.png,3
mnist_01672.png,0
mnist_01673.png,3
mnist_01674.png,3
mnist_01675.png,1
mnist_01676.png,3
mnist_01677.png,3
mnist_01678.png,2
mnist_01679.png,0
mnist_01680.png,1
mnist_01681.png,3
mnist_01682.png,0
mnist_01683.png,0
mnist_01684.png,0
mnist_01685.png,0
mnist_01686.png,1
mnist_01687.png,3
mnist_01688.png,0
mnist_01689.png,3
mnist_01690.png,0
mnist_01691.png,0
mnist_01692.png,3
mnist_01693.png,3
mnist_01694.png,3
mnist_01695.png,3
mnist_01696.png,1
mnist_01697.png,0
mnist_01698.png,1
mnist_01699.png,0
mnist_01700.png,2
mnist_01701.png,2
mnist_01702.png,3
mnist_01703.png,1
mnist_01704.png,2
mnist_01705.png,0
mnist_01706.png,3
mnist_01707.png,3
mnist_01708.png,0
mnist_01709.png,2
mnist_01710.png,2
mnist_01711.png,2
mnist_01712.png,0
mnist_01713.png,0
mnist_01714.png,2
mnist_01715.png,2
mnist_01716.png,3
mnist_01717.png,2
mnist_01718.png,1
mnist_01719.png,3
mnist_01720.png,3
mnist_01721.png,1
mnist_01722.png,3
mnist_01723.png,3
mnist_01724.png,2
mnist_01725.png,2
mnist_01726.png,3
mnist_01727.png,0
mnist_01728.png,3
mnist_01729.png,1
mnist_01730.png,0
mnist_01731.png,0
mnist_01732.png,0
mnist_01733.png,1
mnist_01734.png,0
mnist_01735.png,0
mnist_01736.png,1
mnist_01737.png,0
mnist_01738.png,1
mnist_01739.png,0
mnist_01740.png,0
mnist_01741.png,3
mnist_01742.png,1
mnist_01743.png,1
mnist_01744.png,0
mnist_01745.png,3
mnist_01746.png,1
mnist_01747.png,1
mnist_01748.png,0
mnist_01749.png,1
mnist_01750.png,3
mnist_01751.png,0
mnist_01752.png,3
mnist_01753.png,2
mnist_01754.png,3
mnist_01755.png,2
mnist_01756.png,1
mnist_01757.png,0
mnist_01758.png,2
mnist_01759.png,1
mnist_01760.png,3
mnist_01761.png,1
mnist_01762.png,0
mnist_01763.png,3
mnist_01764.png,2
mnist_01765.png,2
mnist_01766.png,3
mnist_01767.png,2
mnist_01768.png,2
mnist_01769.png,0
mnist_01770.png,1
mnist_01771.png,3
mnist_01772.png,3
mnist_01773.png,2
mnist_01774.png,2
mnist_01775.png,3
mnist_01776.png,3
mnist_01777.png,3
mnist_01778.png,3
mnist_01779.png,1
mnist_01780.png,0
mnist_01781.png,0
mnist_01782.png,2
mnist_01783.png,1
mnist_01784.png,0
mnist_01785.png,3
mnist_01786.png,3
mnist_01787.png,2
mnist_01788.png,3
mnist_01789.png,1
mnist_01790.png,0
mnist_01791.png,2
mnist_01792.png,0
mnist_01793.png,2
mnist_01794.png,2
mnist_01795.png,0
mnist_01796.png,1
mnist_01797.png,3
mnist_01798.png,3
mnist_01799.png,0
mnist_01800.png,0
mnist_01801.png,1
mnist_01802.png,0
mnist_01803.png,3
mnist_01804.png,0
mnist_01805.png,0
mnist_01806.png,1
mnist_01807.png,2
mnist_01808.png,1
mnist_01809.png,0
mnist_01810.png,3
mnist_01811.png,2
mnist_01812.png,2
mnist_01813.png,1
mnist_01814.png,0
mnist_01815.png,2
mnist_01816.png,3
mnist_01817.png,1
mnist_01818.png,2
mnist_01819.png,3
mnist_01820.png,3
mnist_01821.png,3
mnist_01822.png,1
mnist_01823.png,0
mnist_01824.png,1
mnist_01825.png,2
mnist_01826.png,1
mnist_01827.png,1
mnist_01828.png,0
mnist_01829.png,0
mnist_01830.png,1
mnist_01831.png,2
mnist_01832.png,1
mnist_01833.png,3
mnist_01834.png,2
mnist_01835.png,1
mnist_01836.png,3
mnist_01837.png,3
mnist_01838.png,2
mnist_01839.png,2
mnist_01840.png,0
mnist_01841.png,3
mnist_01842.png,2
mnist_01843.png,3
mnist_01844.png,3
mnist_01845.png,3
mnist_01846.png,1
mnist_01847.png,1
mnist_01848.png,0
mnist_01849.png,1
mnist_01850.png,1
mnist_01851.png,0
mnist_01852.png,0
mnist_01853.png,2
mnist_01854.png,0
mnist_01855.png,0
mnist_01856.png,3
mnist_01857.png,1
mnist_01858.png,2
mnist_01859.png,2
mnist_01860.png,0
mnist_01861.png,1
mnist_01862.png,0
mnist_01863.png,0
mnist_01864.png,0
mnist_01865.png,3
mnist_01866.png,1
mnist_01867.png,2
mnist_01868.png,0
mnist_01869.png,3
mnist_01870.png,1
mnist_01871.png,2
mnist_01872.png,3
mnist_01873.png,3
mnist_01874.png,3
mnist_01875.png,0
mnist_01876.png,0
mnist_01877.png,2
mnist_01878.png,1
mnist_01879.png,1
mnist_01880.png,2
mnist_01881.png,2
mnist_01882.png,3
mnist_01883.png,0
mnist_01884.png,2
mnist_01885.png,3
mnist_01886.png,3
mnist_01887.png,1
mnist_01888.png,3
mnist_01889.png,2
mnist_01890.png,2
mnist_01891.png,3
mnist_01892.png,1
mnist_01893.png,0
mnist_01894.png,0
mnist_01895.png,2
mnist_01896.png,2
mnist_01897.png,1
mnist_01898.png,3
mnist_01899.png,3
mnist_01900.png,2
mnist_01901.png,1
mnist_01902.png,2
mnist_01903.png,0
mnist_01904.png,2
mnist_01905.png,2
mnist_01906.png,1
mnist_01907.png,2
mnist_01908.png,3
mnist_01909.png,0
mnist_01910.png,2
mnist_01911.png,0
mnist_01912.png,3
mnist_01913.png,3
mnist_01914.png,3
mnist_01915.png,3
mnist_01916.png,0
mnist_01917.png,2
mnist_01918.png,3
mnist_01919.png,1
mnist_01920.png,2
mnist_01921.png,3
mnist_01922.png,1
mnist_01923.png,0
mnist_01924.png,2
mnist_01925.png,0
mnist_01926.png,3
mnist_01927.png,3
mnist_01928.png,1
mnist_01929.png,1
mnist_01930.png,1
mnist_01931.png,3
mnist_01932.png,2
mnist_01933.png,0
mnist_01934.png,2
mnist_01935.png,2
mnist_01936.png,1
mnist_01937.png,1
mnist_01938.png,0
mnist_01939.png,0
mnist_01940.png,3
mnist_01941.png,3
mnist_01942.png,3
mnist_01943.png,1
mnist_01944.png,0
mnist_01945.png,2
mnist_01946.png,0
mnist_01947.png,1
mnist_01948.png,3
mnist_01949.png,0
mnist_01950.png,0
mnist_01951.png,0
mnist_01952.png,1
mnist_01953.png,1
mnist_01954.png,1
mnist_01955.png,1
mnist_01956.png,2
mnist_01957.png,3
mnist_01958.png,2
mnist_01959.png,0
mnist_01960.png,2
mnist_01961.png,3
mnist_01962.png,0
mnist_01963.png,2
mnist_01964.png,3
mnist_01965.png,2
mnist_01966.png,0
mnist_01967.png,3
mnist_01968.png,2
mnist_01969.png,3
mnist_01970.png,3
mnist_01971.png,0
mnist_01972.png,1
mnist_01973.png,3
mnist_01974.png,3
mnist_01975.png,1
mnist_01976.png,3
mnist_01977.png,3
mnist_01978.png,0
mnist_01979.png,3
mnist_01980.png,0
mnist_01981.png,2
mnist_01982.png,2
mnist_01983.png,2
mnist_01984.png,0
mnist_01985.png,2
mnist_01986.png,1
mnist_01987.png,2
mnist_01988.png,0
mnist_01989.png,1
mnist_01990.png,0
mnist_01991.png,1
mnist_01992.png,0
mnist_01993.png,3
mnist_01994.png,0
mnist_01995.png,2
mnist_01996.png,1
mnist_01997.png,3
mnist_01998.png,1
mnist_01999.png,1
mnist_02000.png,3
mnist_02001.png,3
mnist_02002.png,1
mnist_02003.png,1
mnist_02004.png,3
mnist_02005.png,2
mnist_02006.png,3
mnist_02007.png,0
mnist_02008.png,2
mnist_02009.png,3
mnist_02010.png,3
mnist_02011.png,3
mnist_02012.png,3
mnist_02013.png,2
mnist_02014.png,1
mnist_02015.png,2
mnist_02016.png,1
mnist_02017.png,1
mnist_02018.png,2
mnist_02019.png,0
mnist_02020.png,0
mnist_02021.png,0
mnist_02022.png,1
mnist_02023.png,3
mnist_02024.png,2
mnist_02025.png,3
mnist_02026.png,0
mnist_02027.png,2
mnist_02028.png,0
mnist_02029.png,3
mnist_02030.png,1
mnist_02031.png,2
mnist_02032.png,2
mnist_02033.png,0
mnist_02034.png,0
mnist_02035.png,3
mnist_02036.png,0
mnist_02037.png,2
mnist_02038.png,1
mnist_02039.png,3
mnist_02040.png,3
mnist_02041.png,2
mnist_02042.png,1
mnist_02043.png,0
mnist_02044.png,1
mnist_02045.png,1
mnist_02046.png,0
mnist_02047.png,1
mnist_02048.png,2
mnist_02049.png,3
mnist_02050.png,0
mnist_02051.png,2
mnist_02052.png,3
mnist_02053.png,0
mnist_02054.png,3
mnist_02055.png,1
mnist_02056.png,3
mnist_02057.png,2
mnist_02058.png,0
mnist_02059.png,3
mnist_02060.png,0
mnist_02061.png,0
mnist_02062.png,1
mnist_02063.png,3
mnist_02064.png,0
mnist_02065.png,1
mnist_02066.png,1
mnist_02067.png,1
mnist_02068.png,3
mnist_02069.png,0
mnist_02070.png,2
mnist_02071.png,1
mnist_02072.png,2
mnist_02073.png,1
mnist_02074.png,2
mnist_02075.png,3
mnist_02076.png,1
mnist_02077.png,1
mnist_02078.png,3
mnist_02079.png,2
mnist_02080.png,3
mnist_02081.png,2
mnist_02082.png,3
mnist_02083.png,2
mnist_02084.png,1
mnist_02085.png,2
mnist_02086.png,1
mnist_02087.png,0
mnist_02088.png,1
mnist_02089.png,3
mnist_02090.png,2
mnist_02091.png,1
mnist_02092.png,3
mnist_02093.png,2
mnist_02094.png,1
mnist_02095.png,1
mnist_02096.png,1
mnist_02097.png,0
mnist_02098.png,1
mnist_02099.png,0
mnist_02100.png,1
mnist_02101.png,1
mnist_02102.png,3
mnist_02103.png,1
mnist_02104.png,0
mnist_02105.png,3
mnist_02106.png,3
mnist_02107.png,0
mnist_02108.png,0
mnist_02109.png,2
mnist_02110.png,2
mnist_02111.png,0
mnist_02112.png,0
mnist_02113.png,1
mnist_02114.png,3
mnist_02115.png,2
mnist_02116.png,3
mnist_02117.png,3
mnist_02118.png,3
mnist_02119.png,0
mnist_02120.png,2
mnist_02121.png,2
mnist_02122.png,2
mnist_02123.png,2
mnist_02124.png,2
mnist_02125.png,2
mnist_02126.png,2
mnist_02127.png,1
mnist_02128.png,1
mnist_02129.png,1
mnist_02130.png,3
mnist_02131.png,3
mnist_02132.png,3
mnist_02133.png,0
mnist_02134.png,0
mnist_02135.png,0
mnist_02136.png,0
mnist_02137.png,0
mnist_02138.png,3
mnist_02139.png,2
mnist_02140.png,1
mnist_02141.png,3
mnist_02142.png,0
mnist_02143.png,1
mnist_02144.png,3
mnist_02145.png,0
mnist_02146.png,0
mnist_02147.png,1
mnist_02148.png,1
mnist_02149.png,2
mnist_02150.png,0
mnist_02151.png,2
mnist_02152.png,1
mnist_02153.png,0
mnist_02154.png,2
mnist_02155.png,2
mnist_02156.png,3
mnist_02157.png,3
mnist_02158.png,2
mnist_02159.png,1
mnist_02160.png,2
mnist_02161.png,0
mnist_02162.png,2
mnist_02163.png,1
mnist_02164.png,0
mnist_02165.png,3
mnist_02166.png,1
mnist_02167.png,3
mnist_02168.png,3
mnist_02169.png,3
mnist_02170.png,3
mnist_02171.png,2
mnist_02172.png,0
mnist_02173.png,0
mnist_02174.png,3
mnist_02175.png,1
mnist_02176.png,1
mnist_02177.png,2
mnist_02178.png,1
mnist_02179.png,1
mnist_02180.png,3
mnist_02181.png,1
mnist_02182.png,1
mnist_02183.png,1
mnist_02184.png,0
mnist_02185.png,3
mnist_02186.png,3
mnist_02187.png,0
mnist_02188.png,2
mnist_02189.png,3
mnist_02190.png,2
mnist_02191.png,0
mnist_02192.png,1
mnist_02193.png,0
mnist_02194.png,1
mnist_02195.png,0
mnist_02196.png,3
mnist_02197.png,1
mnist_02198.png,1
mnist_02199.png,3
mnist_02200.png,0
mnist_02201.png,2
mnist_02202.png,2
mnist_02203.png,0
mnist_02204.png,0
mnist_02205.png,0
mnist_02206.png,3
mnist_02207.png,1
mnist_02208.png,3
mnist_02209.png,2
mnist_02210.png,1
mnist_02211.png,1
mnist_02212.png,3
mnist_02213.png,1
mnist_02214.png,2
mnist_02215.png,0
mnist_02216.png,1
mnist_02217.png,1
mnist_02218.png,2
mnist_02219.png,0
mnist_02220.png,0
mnist_02221.png,1
mnist_02222.png,2
mnist_02223.png,1
mnist_02224.png,1
mnist_02225.png,2
mnist_02226.png,2
mnist_02227.png,1
mnist_02228.png,0
mnist_02229.png,3
mnist_02230.png,1
mnist_02231.png,0
mnist_02232.png,1
mnist_02233.png,0
mnist_02234.png,3
mnist_02235.png,0
mnist_02236.png,2
mnist_02237.png,2
mnist_02238.png,2
mnist_02239.png,3
mnist_02240.png,1
mnist_02241.png,3
mnist_02242.png,1
mnist_02243.png,0
mnist_02244.png,3
mnist_02245.png,1
mnist_02246.png,2
mnist_02247.png,3
mnist_02248.png,3
mnist_02249.png,2
mnist_02250.png,1
mnist_02251.png,3
mnist_02252.png,3
mnist_02253.png,1
mnist_02254.png,3
mnist_02255.png,0
mnist_02256.png,3
mnist_02257.png,1
mnist_02258.png,0
mnist_02259.png,1
mnist_02260.png,1
mnist_02261.png,3
mnist_02262.png,2
mnist_02263.png,0
mnist_02264.png,1
mnist_02265.png,2
mnist_02266.png,1
mnist_02267.png,2
mnist_02268.png,1
mnist_02269.png,3
mnist_02270.png,3
mnist_02271.png,2
mnist_02272.png,0
mnist_02273.png,1
mnist_02274.png,1
mnist_02275.png,2
mnist_02276.png,1
mnist_02277.png,0
mnist_02278.png,2
mnist_02279.png,1
mnist_02280.png,3
mnist_02281.png,2
mnist_02282.png,1
mnist_02283.png,0
mnist_02284.png,3
mnist_02285.png,1
mnist_02286.png,0
mnist_02287.png,1
mnist_02288.png,0
mnist_02289.png,1
mnist_02290.png,2
mnist_02291.png,0
mnist_02292.png,1
mnist_02293.png,0
mnist_02294.png,0
mnist_02295.png,3
mnist_02296.png,2
mnist_02297.png,2
mnist_02298.png,0
mnist_02299.png,3
mnist_02300.png,3
mnist_02301.png,0
mnist_02302.png,3
mnist_02303.png,2
mnist_02304.png,2
mnist_02305.png,1
mnist_02306.png,0
mnist_02307.png,3
mnist_02308.png,0
mnist_02309.png,0
mnist_02310.png,1
mnist_02311.png,1
mnist_02312.png,1
mnist_02313.png,1
mnist_02314.png,0
mnist_02315.png,2
mnist_02316.png,0
mnist_02317.png,2
mnist_02318.png,0
mnist_02319.png,3
mnist_02320.png,2
mnist_02321.png,1
mnist_02322.png,1
mnist_02323.png,0
mnist_02324.png,2
mnist_02325.png,3
mnist_02326.png,0
mnist_02327.png,0
mnist_02328.png,0
mnist_02329.png,0
mnist_02330.png,3
mnist_02331.png,2
mnist_02332.png,1
mnist_02333.png,1
mnist_02334.png,0
mnist_02335.png,3
mnist_02336.png,3
mnist_02337.png,1
mnist_02338.png,3
mnist_02339.png,1
mnist_02340.png,3
mnist_02341.png,2
mnist_02342.png,2
mnist_02343.png,2
mnist_02344.png,0
mnist_02345.png,1
mnist_02346.png,3
mnist_02347.png,2
mnist_02348.png,0
mnist_02349.png,1
mnist_02350.png,1
mnist_02351.png,2
mnist_02352.png,3
mnist_02353.png,3
mnist_02354.png,1
mnist_02355.png,1
mnist_02356.png,0
mnist_02357.png,2
mnist_02358.png,1
mnist_02359.png,2
mnist_02360.png,3
mnist_02361.png,2
mnist_02362.png,2
mnist_02363.png,3
mnist_02364.png,1
mnist_02365.png,1
mnist_02366.png,1
mnist_02367.png,3
mnist_02368.png,1
mnist_02369.png,3
mnist_02370.png,2
mnist_02371.png,2
mnist_02372.png,1
mnist_02373.png,0
mnist_02374.png,1
mnist_02375.png,3
mnist_02376.png,1
mnist_02377.png,1
mnist_02378.png,3
mnist_02379.png,1
mnist_02380.png,1
mnist_02381.png,1
mnist_02382.png,3
mnist_02383.png,1
mnist_02384.png,1
mnist_02385.png,2
mnist_02386.png,3
mnist_02387.png,0
mnist_02388.png,2
mnist_02389.png,2
mnist_02390.png,3
mnist_02391.png,0
mnist_02392.png,1
mnist_02393.png,0
mnist_02394.png,0
mnist_02395.png,1
mnist_02396.png,1
mnist_02397.png,3
mnist_02398.png,0
mnist_02399.png,1
mnist_02400.png,2
mnist_02401.png,3
mnist_02402.png,0
mnist_02403.png,0
mnist_02404.png,2
mnist_02405.png,1
mnist_02406.png,2
mnist_02407.png,3
mnist_02408.png,0
mnist_02409.png,0
mnist_02410.png,3
mnist_02411.png,3
mnist_02412.png,1
mnist_02413.png,3
mnist_02414.png,1
mnist_02415.png,0
mnist_02416.png,0
mnist_02417.png,3
mnist_02418.png,3
mnist_02419.png,2
mnist_02420.png,0
mnist_02421.png,2
mnist_02422.png,1
mnist_02423.png,2
mnist_02424.png,0
mnist_02425.png,1
mnist_02426.png,2
mnist_02427.png,3
mnist_02428.png,3
mnist_02429.png,3
mnist_02430.png,0
mnist_02431.png,1
mnist_02432.png,0
mnist_02433.png,3
mnist_02434.png,0
mnist_02435.png,0
mnist_02436.png,1
mnist_02437.png,1
mnist_02438.png,3
mnist_02439.png,1
mnist_02440.png,3
mnist_02441.png,0
mnist_02442.png,0
mnist_02443.png,3
mnist_02444.png,3
mnist_02445.png,0
mnist_02446.png,2
mnist_02447.png,0
mnist_02448.png,0
mnist_02449.png,0
mnist_02450.png,0
mnist_02451.png,2
mnist_02452.png,1
mnist_02453.png,1
mnist_02454.png,2
mnist_02455.png,2
mnist_02456.png,0
mnist_02457.png,1
mnist_02458.png,0
mnist_02459.png,1
mnist_02460.png,0
mnist_02461.png,2
mnist_02462.png,1
mnist_02463.png,3
mnist_02464.png,0
mnist_02465.png,0
mnist_02466.png,2
mnist_02467.png,3
mnist_02468.png,0
mnist_02469.png,2
mnist_02470.png,2
mnist_02471.png,0
mnist_02472.png,0
mnist_02473.png,3
mnist_02474.png,2
mnist_02475.png,2
mnist_02476.png,1
mnist_02477.png,3
mnist_02478.png,1
mnist_02479.png,3
mnist_02480.png,1
mnist_02481.png,1
mnist_02482.png,0
mnist_02483.png,2
mnist_02484.png,3
mnist_02485.png,1
mnist_02486.png,2
mnist_02487.png,2
mnist_02488.png,3
mnist_02489.png,2
mnist_02490.png,1
mnist_02491.png,2
mnist_02492.png,0
mnist_02493.png,0
mnist_02494.png,2
mnist_02495.png,2
mnist_02496.png,3
mnist_02497.png,0
mnist_02498.png,2
mnist_02499.png,1
mnist_02500.png,1
mnist_02501.png,3
mnist_02502.png,2
mnist_02503.png,1
mnist_02504.png,1
mnist_02505.png,2
mnist_02506.png,1
mnist_02507.png,1
mnist_02508.png,3
mnist_02509.png,2
mnist_02510.png,0
mnist_02511.png,3
mnist_02512.png,3
mnist_02513.png,1
mnist_02514.png,3
mnist_02515.png,3
mnist_02516.png,2
mnist_02517.png,2
mnist_02518.png,1
mnist_02519.png,1
mnist_02520.png,3
mnist_02521.png,1
mnist_02522.png,3
mnist_02523.png,0
mnist_02524.png,1
mnist_02525.png,1
mnist_02526.png,2
mnist_02527.png,2
mnist_02528.png,1
mnist_02529.png,1
mnist_02530.png,0
mnist_02531.png,1
mnist_02532.png,2
mnist_02533.png,1
mnist_02534.png,1
mnist_02535.png,3
mnist_02536.png,2
mnist_02537.png,2
mnist_02538.png,1
mnist_02539.png,2
mnist_02540.png,1
mnist_02541.png,0
mnist_02542.png,2
mnist_02543.png,0
mnist_02544.png,3
mnist_02545.png,3
mnist_02546.png,2
mnist_02547.png,1
mnist_02548.png,0
mnist_02549.png,0
mnist_02550.png,2
mnist_02551.png,2
mnist_02552.png,2
mnist_02553.png,2
mnist_02554.png,3
mnist_02555.png,3
mnist_02556.png,0
mnist_02557.png,0
mnist_02558.png,3
mnist_02559.png,3
mnist_02560.png,1
mnist_02561.png,2
mnist_02562.png,2
mnist_02563.png,1
mnist_02564.png,0
mnist_02565.png,1
mnist_02566.png,1
mnist_02567.png,3
mnist_02568.png,0
mnist_02569.png,0
mnist_02570.png,3
mnist_02571.png,3
mnist_02572.png,0
mnist_02573.png,3
mnist_02574.png,2
mnist_02575.png,0
mnist_02576.png,1
mnist_02577.png,2
mnist_02578.png,3
mnist_02579.png,1
mnist_02580.png,0
mnist_02581.png,3
mnist_02582.png,2
mnist_02583.png,0
mnist_02584.png,2
mnist_02585.png,0
mnist_02586.png,2
mnist_02587.png,1
mnist_02588.png,0
mnist_02589.png,0
mnist_02590.png,1
mnist_02591.png,1
mnist_02592.png,3
mnist_02593.png,1
mnist_02594.png,2
mnist_02595.png,1
mnist_02596.png,2
mnist_02597.png,2
mnist_02598.png,0
mnist_02599.png,0
mnist_02600.png,3
mnist_02601.png,1
mnist_02602.png,1
mnist_02603.png,2
mnist_02604.png,3
mnist_02605.png,1
mnist_02606.png,2
mnist_02607.png,3
mnist_02608.png,0
mnist_02609.png,1
mnist_02610.png,0
mnist_02611.png,1
mnist_02612.png,3
mnist_02613.png,2
mnist_02614.png,2
mnist_02615.png,3
mnist_02616.png,0
mnist_02617.png,1
mnist_02618.png,0
mnist_02619.png,3
mnist_02620.png,2
mnist_02621.png,0
mnist_02622.png,3
mnist_02623.png,1
mnist_02624.png,3
mnist_02625.png,3
mnist_02626.png,1
mnist_02627.png,0
mnist_02628.png,0
mnist_02629.png,0
mnist_02630.png,2
mnist_02631.png,0
mnist_02632.png,3
mnist_02633.png,3
mnist_02634.png,2
mnist_02635.png,1
mnist_02636.png,1
mnist_02637.png,3
mnist_02638.png,1
mnist_02639.png,0
mnist_02640.png,0
mnist_02641.png,2
mnist_02642.png,3
mnist_02643.png,1
mnist_02644.png,0
mnist_02645.png,2
mnist_02646.png,2
mnist_02647.png,1
mnist_02648.png,2
mnist_02649.png,2
mnist_02650.png,2
mnist_02651.png,2
mnist_02652.png,3
mnist_02653.png,1
mnist_02654.png,2
mnist_02655.png,0
mnist_02656.png,2
mnist_02657.png,1
mnist_02658.png,1
mnist_02659.png,2
mnist_02660.png,1
mnist_02661.png,3
mnist_02662.png,0
mnist_02663.png,0
mnist_02664.png,0
mnist_02665.png,0
mnist_02666.png,1
mnist_02667.png,1
mnist_02668.png,1
mnist_02669.png,2
mnist_02670.png,3
mnist_02671.png,2
mnist_02672.png,2
mnist_02673.png,3
mnist_02674.png,0
mnist_02675.png,0
mnist_02676.png,3
mnist_02677.png,3
mnist_02678.png,0
mnist_02679.png,3
mnist_02680.png,2
mnist_02681.png,0
mnist_02682.png,0
mnist_02683.png,1
mnist_02684.png,3
mnist_02685.png,1
mnist_02686.png,1
mnist_02687.png,2
mnist_02688.png,0
mnist_02689.png,2
mnist_02690.png,2
mnist_02691.png,2
mnist_02692.png,2
mnist_02693.png,3
mnist_02694.png,0
mnist_02695.png,3
mnist_02696.png,1
mnist_02697.png,1
mnist_02698.png,2
mnist_02699.png,3
mnist_02700.png,3
mnist_02701.png,2
mnist_02702.png,3
mnist_02703.png,1
mnist_02704.png,3
mnist_02705.png,2
mnist_02706.png,3
mnist_02707.png,3
mnist_02708.png,2
mnist_02709.png,2
mnist_02710.png,0
mnist_02711.png,3
mnist_02712.png,0
mnist_02713.png,1
mnist_02714.png,2
mnist_02715.png,1
mnist_02716.png,3
mnist_02717.png,1
mnist_02718.png,2
mnist_02719.png,2
mnist_02720.png,2
mnist_02721.png,1
mnist_02722.png,2
mnist_02723.png,2
mnist_02724.png,3
mnist_02725.png,2
mnist_02726.png,0
mnist_02727.png,1
mnist_02728.png,1
mnist_02729.png,2
mnist_02730.png,0
mnist_02731.png,0
mnist_02732.png,3
mnist_02733.png,1
mnist_02734.png,2
mnist_02735.png,1
mnist_02736.png,1
mnist_02737.png,0
mnist_02738.png,3
mnist_02739.png,0
mnist_02740.png,0
mnist_02741.png,1
mnist_02742.png,1
mnist_02743.png,1
mnist_02744.png,2
mnist_02745.png,0
mnist_02746.png,0
mnist_02747.png,1
mnist_02748.png,0
mnist_02749.png,1
mnist_02750.png,2
mnist_02751.png,1
mnist_02752.png,2
mnist_02753.png,0
mnist_02754.png,2
mnist_02755.png,3
mnist_02756.png,3
mnist_02757.png,0
mnist_02758.png,3
mnist_02759.png,1
mnist_02760.png,3
mnist_02761.png,1
mnist_02762.png,1
mnist_02763.png,3
mnist_02764.png,0
mnist_02765.png,1
mnist_02766.png,0
mnist_02767.png,3
mnist_02768.png,3
mnist_02769.png,0
mnist_02770.png,2
mnist_02771.png,0
mnist_02772.png,1
mnist_02773.png,2
mnist_02774.png,3
mnist_02775.png,3
mnist_02776.png,0
mnist_02777.png,2
mnist_02778.png,2
mnist_02779.png,3
mnist_02780.png,3
mnist_02781.png,3
mnist_02782.png,0
mnist_02783.png,1
mnist_02784.png,2
mnist_02785.png,2
mnist_02786.png,3
mnist_02787.png,3
mnist_02788.png,2
mnist_02789.png,3
mnist_02790.png,2
mnist_02791.png,3
mnist_02792.png,1
mnist_02793.png,3
mnist_02794.png,1
mnist_02795.png,0
mnist_02796.png,1
mnist_02797.png,2
mnist_02798.png,0
mnist_02799.png,2
mnist_02800.png,1
mnist_02801.png,3
mnist_02802.png,2
mnist_02803.png,0
mnist_02804.png,3
mnist_02805.png,0
mnist_02806.png,0
mnist_02807.png,1
mnist_02808.png,3
mnist_02809.png,1
mnist_02810.png,0
mnist_02811.png,3
mnist_02812.png,0
mnist_02813.png,1
mnist_02814.png,0
mnist_02815.png,2
mnist_02816.png,2
mnist_02817.png,1
mnist_02818.png,1
mnist_02819.png,3
mnist_02820.png,0
mnist_02821.png,2
mnist_02822.png,3
mnist_02823.png,1
mnist_02824.png,0
mnist_02825.png,1
mnist_02826.png,0
mnist_02827.png,2
mnist_02828.png,3
mnist_02829.png,0
mnist_02830.png,1
mnist_02831.png,0
mnist_02832.png,0
mnist_02833.png,0
mnist_02834.png,1
mnist_02835.png,0
mnist_02836.png,1
mnist_02837.png,0
mnist_02838.png,0
mnist_02839.png,1
mnist_02840.png,1
mnist_02841.png,1
mnist_02842.png,0
mnist_02843.png,3
mnist_02844.png,1
mnist_02845.png,1
mnist_02846.png,0
mnist_02847.png,2
mnist_02848.png,3
mnist_02849.png,0
mnist_02850.png,1
mnist_02851.png,2
mnist_02852.png,1
mnist_02853.png,1
mnist_02854.png,3
mnist_02855.png,0
mnist_02856.png,2
mnist_02857.png,1
mnist_02858.png,0
mnist_02859.png,1
mnist_02860.png,1
mnist_02861.png,2
mnist_02862.png,3
mnist_02863.png,1
mnist_02864.png,0
mnist_02865.png,2
mnist_02866.png,3
mnist_02867.png,1
mnist_02868.png,0
mnist_02869.png,1
mnist_02870.png,1
mnist_02871.png,0
mnist_02872.png,3
mnist_02873.png,3
mnist_02874.png,3
mnist_02875.png,3
mnist_02876.png,3
mnist_02877.png,1
mnist_02878.png,1
mnist_02879.png,0
mnist_02880.png,1
mnist_02881.png,3
mnist_02882.png,3
mnist_02883.png,1
mnist_02884.png,1
mnist_02885.png,3
mnist_02886.png,0
mnist_02887.png,2
mnist_02888.png,3
mnist_02889.png,3
mnist_02890.png,1
mnist_02891.png,3
mnist_02892.png,0
mnist_02893.png,2
mnist_02894.png,2
mnist_02895.png,2
mnist_02896.png,0
mnist_02897.png,0
mnist_02898.png,0
mnist_02899.png,1
mnist_02900.png,1
mnist_02901.png,0
mnist_02902.png,2
mnist_02903.png,3
mnist_02904.png,2
mnist_02905.png,3
mnist_02906.png,2
mnist_02907.png,3
mnist_02908.png,2
mnist_02909.png,1
mnist_02910.png,3
mnist_02911.png,3
mnist_02912.png,0
mnist_02913.png,3
mnist_02914.png,3
mnist_02915.png,2
mnist_02916.png,1
mnist_02917.png,1
mnist_02918.png,2
mnist_02919.png,2
mnist_02920.png,2
mnist_02921.png,1
mnist_02922.png,3
mnist_02923.png,0
mnist_02924.png,1
mnist_02925.png,2
mnist_02926.png,1
mnist_02927.png,0
mnist_02928.png,2
mnist_02929.png,1
mnist_02930.png,0
mnist_02931.png,0
mnist_02932.png,0
mnist_02933.png,1
mnist_02934.png,3
mnist_02935.png,0
mnist_02936.png,0
mnist_02937.png,2
mnist_02938.png,2
mnist_02939.png,1
mnist_02940.png,3
mnist_02941.png,3
mnist_02942.png,1
mnist_02943.png,2
mnist_02944.png,2
mnist_02945.png,0
mnist_02946.png,0
mnist_02947.png,1
mnist_02948.png,2
mnist_02949.png,1
mnist_02950.png,2
mnist_02951.png,1
mnist_02952.png,1
mnist_02953.png,1
mnist_02954.png,2
mnist_02955.png,2
mnist_02956.png,1
mnist_02957.png,3
mnist_02958.png,2
mnist_02959.png,0
mnist_02960.png,2
mnist_02961.png,3
mnist_02962.png,2
mnist_02963.png,2
mnist_02964.png,3
mnist_02965.png,0
mnist_02966.png,3
mnist_02967.png,0
mnist_02968.png,0
mnist_02969.png,3
mnist_02970.png,1
mnist_02971.png,3
mnist_02972.png,0
mnist_02973.png,3
mnist_02974.png,0
mnist_02975.png,0
mnist_02976.png,1
mnist_02977.png,0
mnist_02978.png,0
mnist_02979.png,2
mnist_02980.png,0
mnist_02981.png,3
mnist_02982.png,1
mnist_02983.png,2
mnist_02984.png,3
mnist_02985.png,3
mnist_02986.png,3
mnist_02987.png,0
mnist_02988.png,0
mnist_02989.png,0
mnist_02990.png,1
mnist_02991.png,0
mnist_02992.png,0
mnist_02993.png,0
mnist_02994.png,0
mnist_02995.png,2
mnist_02996.png,2
mnist_02997.png,3
mnist_02998.png,0
mnist_02999.png,3
mnist_03000.png,1
mnist_03001.png,2
mnist_03002.png,0
mnist_03003.png,0
mnist_03004.png,1
mnist_03005.png,0
mnist_03006.png,0
mnist_03007.png,1
mnist_03008.png,3
mnist_03009.png,2
mnist_03010.png,3
mnist_03011.png,3
mnist_03012.png,3
mnist_03013.png,2
mnist_03014.png,0
mnist_03015.png,3
mnist_03016.png,2
mnist_03017.png,0
mnist_03018.png,3
mnist_03019.png,2
mnist_03020.png,1
mnist_03021.png,3
mnist_03022.png,0
mnist_03023.png,1
mnist_03024.png,3
mnist_03025.png,3
mnist_03026.png,0
mnist_03027.png,0
mnist_03028.png,0
mnist_03029.png,2
mnist_03030.png,2
mnist_03031.png,0
mnist_03032.png,0
mnist_03033.png,0
mnist_03034.png,3
mnist_03035.png,0
mnist_03036.png,3
mnist_03037.png,2
mnist_03038.png,0
mnist_03039.png,0
mnist_03040.png,1
mnist_03041.png,0
mnist_03042.png,0
mnist_03043.png,0
mnist_03044.png,1
mnist_03045.png,0
mnist_03046.png,1
mnist_03047.png,3
mnist_03048.png,0
mnist_03049.png,2
mnist_03050.png,3
mnist_03051.png,1
mnist_03052.png,1
mnist_03053.png,0
mnist_03054.png,3
mnist_03055.png,0
mnist_03056.png,2
mnist_03057.png,3
mnist_03058.png,3
mnist_03059.png,0
mnist_03060.png,2
mnist_03061.png,0
mnist_03062.png,0
mnist_03063.png,0
mnist_03064.png,1
mnist_03065.png,3
mnist_03066.png,0
mnist_03067.png,0
mnist_03068.png,0
mnist_03069.png,0
mnist_03070.png,1
mnist_03071.png,0
mnist_03072.png,2
mnist_03073.png,2
mnist_03074.png,3
mnist_03075.png,2
mnist_03076.png,3
mnist_03077.png,0
mnist_03078.png,3
mnist_03079.png,0
mnist_03080.png,1
mnist_03081.png,1
mnist_03082.png,1
mnist_03083.png,0
mnist_03084.png,3
mnist_03085.png,2
mnist_03086.png,3
mnist_03087.png,3
mnist_03088.png,2
mnist_03089.png,1
mnist_03090.png,2
mnist_03091.png,2
mnist_03092.png,3
mnist_03093.png,2
mnist_03094.png,0
mnist_03095.png,1
mnist_03096.png,0
mnist_03097.png,1
mnist_03098.png,3
mnist_03099.png,2
mnist_03100.png,3
mnist_03101.png,0
mnist_03102.png,1
mnist_03103.png,1
mnist_03104.png,2
mnist_03105.png,3
mnist_03106.png,3
mnist_03107.png,0
mnist_03108.png,0
mnist_03109.png,3
mnist_03110.png,0
mnist_03111.png,0
mnist_03112.png,1
mnist_03113.png,2
mnist_03114.png,2
mnist_03115.png,1
mnist_03116.png,3
mnist_03117.png,2
mnist_03118.png,1
mnist_03119.png,3
mnist_03120.png,1
mnist_03121.png,2
mnist_03122.png,2
mnist_03123.png,3
mnist_03124.png,2
mnist_03125.png,2
mnist_03126.png,0
mnist_03127.png,1
mnist_03128.png,1
mnist_03129.png,0
mnist_03130.png,0
mnist_03131.png,0
mnist_03132.png,2
mnist_03133.png,0
mnist_03134.png,0
mnist_03135.png,3
mnist_03136.png,0
mnist_03137.png,2
mnist_03138.png,0
mnist_03139.png,1
mnist_03140.png,1
mnist_03141.png,3
mnist_03142.png,3
mnist_03143.png,0
mnist_03144.png,3
mnist_03145.png,1
mnist_03146.png,2
mnist_03147.png,3
mnist_03148.png,0
mnist_03149.png,3
mnist_03150.png,1
mnist_03151.png,0
mnist_03152.png,2
mnist_03153.png,1
mnist_03154.png,3
mnist_03155.png,1
mnist_03156.png,3
mnist_03157.png,3
mnist_03158.png,1
mnist_03159.png,0
mnist_03160.png,2
mnist_03161.png,0
mnist_03162.png,2
mnist_03163.png,1
mnist_03164.png,0
mnist_03165.png,2
mnist_03166.png,1
mnist_03167.png,2
mnist_03168.png,1
mnist_03169.png,2
mnist_03170.png,1
mnist_03171.png,0
mnist_03172.png,3
mnist_03173.png,3
mnist_03174.png,2
mnist_03175.png,1
mnist_03176.png,2
mnist_03177.png,1
mnist_03178.png,1
mnist_03179.png,2
mnist_03180.png,0
mnist_03181.png,2
mnist_03182.png,1
mnist_03183.png,1
mnist_03184.png,1
mnist_03185.png,2
mnist_03186.png,1
mnist_03187.png,1
mnist_03188.png,1
mnist_03189.png,2
mnist_03190.png,0
mnist_03191.png,0
mnist_03192.png,2
mnist_03193.png,2
mnist_03194.png,2
mnist_03195.png,0
mnist_03196.png,1
mnist_03197.png,1
mnist_03198.png,0
mnist_03199.png,0
mnist_03200.png,2
mnist_03201.png,1
mnist_03202.png,2
mnist_03203.png,0
mnist_03204.png,1
mnist_03205.png,0
mnist_03206.png,3
mnist_03207.png,3
mnist_03208.png,0
mnist_03209.png,2
mnist_03210.png,0
mnist_03211.png,2
mnist_03212.png,3
mnist_03213.png,3
mnist_03214.png,2
mnist_03215.png,1
mnist_03216.png,1
mnist_03217.png,3
mnist_03218.png,2
mnist_03219.png,3
mnist_03220.png,2
mnist_03221.png,2
mnist_03222.png,1
mnist_03223.png,1
mnist_03224.png,0
mnist_03225.png,3
mnist_03226.png,1
mnist_03227.png,1
mnist_03228.png,3
mnist_03229.png,3
mnist_03230.png,3
mnist_03231.png,1
mnist_03232.png,0
mnist_03233.png,2
mnist_03234.png,2
mnist_03235.png,2
mnist_03236.png,1
mnist_03237.png,0
mnist_03238.png,0
mnist_03239.png,0
mnist_03240.png,2
mnist_03241.png,1
mnist_03242.png,2
mnist_03243.png,0
mnist_03244.png,0
mnist_03245.png,1
mnist_03246.png,2
mnist_03247.png,1
mnist_03248.png,2
mnist_03249.png,2
mnist_03250.png,2
mnist_03251.png,0
mnist_03252.png,0
mnist_03253.png,3
mnist_03254.png,3
mnist_03255.png,0
mnist_03256.png,0
mnist_03257.png,0
mnist_03258.png,3
mnist_03259.png,2
mnist_03260.png,1
mnist_03261.png,3
mnist_03262.png,2
mnist_03263.png,1
mnist_03264.png,0
mnist_03265.png,1
mnist_03266.png,2
mnist_03267.png,0
mnist_03268.png,1
mnist_03269.png,0
mnist_03270.png,0
mnist_03271.png,2
mnist_03272.png,2
mnist_03273.png,0
mnist_03274.png,2
mnist_03275.png,1
mnist_03276.png,3
mnist_03277.png,2
mnist_03278.png,0
mnist_03279.png,3
mnist_03280.png,1
mnist_03281.png,0
mnist_03282.png,0
mnist_03283.png,0
mnist_03284.png,2
mnist_03285.png,0
mnist_03286.png,3
mnist_03287.png,3
mnist_03288.png,1
mnist_03289.png,2
mnist_03290.png,1
mnist_03291.png,0
mnist_03292.png,1
mnist_03293.png,3
mnist_03294.png,0
mnist_03295.png,1
mnist_03296.png,2
mnist_03297.png,0
mnist_03298.png,1
mnist_03299.png,0
mnist_03300.png,0
mnist_03301.png,1
mnist_03302.png,2
mnist_03303.png,3
mnist_03304.png,2
mnist_03305.png,0
mnist_03306.png,3
mnist_03307.png,3
mnist_03308.png,0
mnist_03309.png,1
mnist_03310.png,2
mnist_03311.png,1
mnist_03312.png,2
mnist_03313.png,2
mnist_03314.png,3
mnist_03315.png,0
mnist_03316.png,1
mnist_03317.png,2
mnist_03318.png,1
mnist_03319.png,3
mnist_03320.png,2
mnist_03321.png,0
mnist_03322.png,3
mnist_03323.png,1
mnist_03324.png,0
mnist_03325.png,0
mnist_03326.png,2
mnist_03327.png,2
mnist_03328.png,0
mnist_03329.png,1
mnist_03330.png,2
mnist_03331.png,3
mnist_03332.png,0
mnist_03333.png,0
mnist_03334.png,3
mnist_03335.png,2
mnist_03336.png,0
mnist_03337.png,1
mnist_03338.png,2
mnist_03339.png,3
mnist_03340.png,3
mnist_03341.png,3
mnist_03342.png,0
mnist_03343.png,0
mnist_03344.png,0
mnist_03345.png,0
mnist_03346.png,3
mnist_03347.png,2
mnist_03348.png,2
mnist_03349.png,0
mnist_03350.png,2
mnist_03351.png,3
mnist_03352.png,1
mnist_03353.png,2
mnist_03354.png,0
mnist_03355.png,1
mnist_03356.png,2
mnist_03357.png,1
mnist_03358.png,3
mnist_03359.png,1
mnist_03360.png,0
mnist_03361.png,2
mnist_03362.png,3
mnist_03363.png,2
mnist_03364.png,0
mnist_03365.png,0
mnist_03366.png,1
mnist_03367.png,1
mnist_03368.png,2
mnist_03369.png,3
mnist_03370.png,3
mnist_03371.png,2
mnist_03372.png,1
mnist_03373.png,2
mnist_03374.png,3
mnist_03375.png,2
mnist_03376.png,1
mnist_03377.png,2
mnist_03378.png,3
mnist_03379.png,2
mnist_03380.png,2
mnist_03381.png,3
mnist_03382.png,2
mnist_03383.png,0
mnist_03384.png,0
mnist_03385.png,2
mnist_03386.png,3
mnist_03387.png,3
mnist_03388.png,2
mnist_03389.png,3
mnist_03390.png,0
mnist_03391.png,1
mnist_03392.png,2
mnist_03393.png,0
mnist_03394.png,2
mnist_03395.png,1
mnist_03396.png,1
mnist_03397.png,2
mnist_03398.png,3
mnist_03399.png,2
mnist_03400.png,1
mnist_03401.png,2
mnist_03402.png,1
mnist_03403.png,3
mnist_03404.png,3
mnist_03405.png,1
mnist_03406.png,3
mnist_03407.png,3
mnist_03408.png,1
mnist_03409.png,0
mnist_03410.png,0
mnist_03411.png,3
mnist_03412.png,3
mnist_03413.png,1
mnist_03414.png,3
mnist_03415.png,3
mnist_03416.png,2
mnist_03417.png,2
mnist_03418.png,3
mnist_03419.png,2
mnist_03420.png,3
mnist_03421.png,0
mnist_03422.png,3
mnist_03423.png,1
mnist_03424.png,1
mnist_03425.png,0
mnist_03426.png,3
mnist_03427.png,2
mnist_03428.png,0
mnist_03429.png,0
mnist_03430.png,0
mnist_03431.png,0
mnist_03432.png,2
mnist_03433.png,3
mnist_03434.png,2
mnist_03435.png,1
mnist_03436.png,1
mnist_03437.png,1
mnist_03438.png,0
mnist_03439.png,1
mnist_03440.png,1
mnist_03441.png,1
mnist_03442.png,0
mnist_03443.png,2
mnist_03444.png,1
mnist_03445.png,3
mnist_03446.png,1
mnist_03447.png,1
mnist_03448.png,1
mnist_03449.png,3
mnist_03450.png,1
mnist_03451.png,0
mnist_03452.png,3
mnist_03453.png,3
mnist_03454.png,1
mnist_03455.png,2
mnist_03456.png,1
mnist_03457.png,1
mnist_03458.png,0
mnist_03459.png,0
mnist_03460.png,1
mnist_03461.png,0
mnist_03462.png,2
mnist_03463.png,0
mnist_03464.png,1
mnist_03465.png,3
mnist_03466.png,0
mnist_03467.png,3
mnist_03468.png,2
mnist_03469.png,0
mnist_03470.png,0
mnist_03471.png,2
mnist_03472.png,3
mnist_03473.png,0
mnist_03474.png,1
mnist_03475.png,0
mnist_03476.png,2
mnist_03477.png,1
mnist_03478.png,3
mnist_03479.png,3
mnist_03480.png,3
mnist_03481.png,3
mnist_03482.png,1
mnist_03483.png,3
mnist_03484.png,0
mnist_03485.png,2
mnist_03486.png,3
mnist_03487.png,0
mnist_03488.png,2
mnist_03489.png,2
mnist_03490.png,1
mnist_03491.png,0
mnist_03492.png,1
mnist_03493.png,3
mnist_03494.png,3
mnist_03495.png,2
mnist_03496.png,3
mnist_03497.png,2
mnist_03498.png,0
mnist_03499.png,0
mnist_03500.png,1
mnist_03501.png,3
mnist_03502.png,3
mnist_03503.png,3
mnist_03504.png,1
mnist_03505.png,0
mnist_03506.png,0
mnist_03507.png,0
mnist_03508.png,3
mnist_03509.png,1
mnist_03510.png,1
mnist_03511.png,1
mnist_03512.png,3
mnist_03513.png,2
mnist_03514.png,2
mnist_03515.png,3
mnist_03516.png,3
mnist_03517.png,1
mnist_03518.png,3
mnist_03519.png,3
mnist_03520.png,0
mnist_03521.png,1
mnist_03522.png,1
mnist_03523.png,0
mnist_03524.png,1
mnist_03525.png,2
mnist_03526.png,1
mnist_03527.png,3
mnist_03528.png,3
mnist_03529.png,3
mnist_03530.png,3
mnist_03531.png,1
mnist_03532.png,1
mnist_03533.png,2
mnist_03534.png,2
mnist_03535.png,2
mnist_03536.png,1
mnist_03537.png,0
mnist_03538.png,0
mnist_03539.png,2
mnist_03540.png,3
mnist_03541.png,1
mnist_03542.png,0
mnist_03543.png,3
mnist_03544.png,3
mnist_03545.png,3
mnist_03546.png,3
mnist_03547.png,0
mnist_03548.png,3
mnist_03549.png,1
mnist_03550.png,3
mnist_03551.png,1
mnist_03552.png,0
mnist_03553.png,3
mnist_03554.png,1
mnist_03555.png,3
mnist_03556.png,0
mnist_03557.png,0
mnist_03558.png,3
mnist_03559.png,3
mnist_03560.png,3
mnist_03561.png,3
mnist_03562.png,3
mnist_03563.png,2
mnist_03564.png,0
mnist_03565.png,1
mnist_03566.png,2
mnist_03567.png,3
mnist_03568.png,1
mnist_03569.png,3
mnist_03570.png,2
mnist_03571.png,0
mnist_03572.png,1
mnist_03573.png,0
mnist_03574.png,0
mnist_03575.png,3
mnist_03576.png,2
mnist_03577.png,3
mnist_03578.png,0
mnist_03579.png,0
mnist_03580.png,1
mnist_03581.png,2
mnist_03582.png,3
mnist_03583.png,1
mnist_03584.png,1
mnist_03585.png,2
mnist_03586.png,1
mnist_03587.png,3
mnist_03588.png,3
mnist_03589.png,3
mnist_03590.png,2
mnist_03591.png,0
mnist_03592.png,3
mnist_03593.png,2
mnist_03594.png,0
mnist_03595.png,3
mnist_03596.png,2
mnist_03597.png,2
mnist_03598.png,3
mnist_03599.png,0
mnist_03600.png,2
mnist_03601.png,2
mnist_03602.png,2
mnist_03603.png,0
mnist_03604.png,1
mnist_03605.png,1
mnist_03606.png,3
mnist_03607.png,0
mnist_03608.png,0
mnist_03609.png,2
mnist_03610.png,1
mnist_03611.png,1
mnist_03612.png,2
mnist_03613.png,1
mnist_03614.png,2
mnist_03615.png,1
mnist_03616.png,0
mnist_03617.png,0
mnist_03618.png,3
mnist_03619.png,0
mnist_03620.png,0
mnist_03621.png,1
mnist_03622.png,0
mnist_03623.png,3
mnist_03624.png,0
mnist_03625.png,0
mnist_03626.png,1
mnist_03627.png,2
mnist_03628.png,2
mnist_03629.png,2
mnist_03630.png,1
mnist_03631.png,1
mnist_03632.png,1
mnist_03633.png,3
mnist_03634.png,0
mnist_03635.png,0
mnist_03636.png,1
mnist_03637.png,1
mnist_03638.png,3
mnist_03639.png,0
mnist_03640.png,1
mnist_03641.png,1
mnist_03642.png,3
mnist_03643.png,3
mnist_03644.png,3
mnist_03645.png,2
mnist_03646.png,1
mnist_03647.png,1
mnist_03648.png,2
mnist_03649.png,1
mnist_03650.png,2
mnist_03651.png,2
mnist_03652.png,2
mnist_03653.png,1
mnist_03654.png,0
mnist_03655.png,1
mnist_03656.png,2
mnist_03657.png,3
mnist_03658.png,2
mnist_03659.png,2
mnist_03660.png,3
mnist_03661.png,2
mnist_03662.png,2
mnist_03663.png,3
mnist_03664.png,1
mnist_03665.png,3
mnist_03666.png,3
mnist_03667.png,3
mnist_03668.png,1
mnist_03669.png,1
mnist_03670.png,1
mnist_03671.png,3
mnist_03672.png,1
mnist_03673.png,2
mnist_03674.png,0
mnist_03675.png,2
mnist_03676.png,3
mnist_03677.png,1
mnist_03678.png,3
mnist_03679.png,2
mnist_03680.png,3
mnist_03681.png,1
mnist_03682.png,0
mnist_03683.png,0
mnist_03684.png,3
mnist_03685.png,1
mnist_03686.png,3
mnist_03687.png,2
mnist_03688.png,0
mnist_03689.png,0
mnist_03690.png,3
mnist_03691.png,3
mnist_03692.png,3
mnist_03693.png,1
mnist_03694.png,0
mnist_03695.png,2
mnist_03696.png,1
mnist_03697.png,3
mnist_03698.png,3
mnist_03699.png,0
mnist_03700.png,0
mnist_03701.png,2
mnist_03702.png,2
mnist_03703.png,1
mnist_03704.png,0
mnist_03705.png,0
mnist_03706.png,0
mnist_03707.png,0
mnist_03708.png,2
mnist_03709.png,1
mnist_03710.png,2
mnist_03711.png,1
mnist_03712.png,1
mnist_03713.png,3
mnist_03714.png,0
mnist_03715.png,3
mnist_03716.png,3
mnist_03717.png,1
mnist_03718.png,1
mnist_03719.png,0
mnist_03720.png,2
mnist_03721.png,2
mnist_03722.png,0
mnist_03723.png,2
mnist_03724.png,3
mnist_03725.png,1
mnist_03726.png,2
mnist_03727.png,3
mnist_03728.png,3
mnist_03729.png,1
mnist_03730.png,0
mnist_03731.png,3
mnist_03732.png,1
mnist_03733.png,1
mnist_03734.png,2
mnist_03735.png,3
mnist_03736.png,2
mnist_03737.png,0
mnist_03738.png,2
mnist_03739.png,0
mnist_03740.png,2
mnist_03741.png,1
mnist_03742.png,2
mnist_03743.png,0
mnist_03744.png,3
mnist_03745.png,0
mnist_03746.png,3
mnist_03747.png,1
mnist_03748.png,2
mnist_03749.png,0
mnist_03750.png,3
mnist_03751.png,1
mnist_03752.png,2
mnist_03753.png,2
mnist_03754.png,0
mnist_03755.png,1
mnist_03756.png,1
mnist_03757.png,3
mnist_03758.png,0
mnist_03759.png,3
mnist_03760.png,3
mnist_03761.png,2
mnist_03762.png,0
mnist_03763.png,3
mnist_03764.png,1
mnist_03765.png,2
mnist_03766.png,2
mnist_03767.png,1
mnist_03768.png,3
mnist_03769.png,3
mnist_03770.png,2
mnist_03771.png,2
mnist_03772.png,1
mnist_03773.png,2
mnist_03774.png,0
mnist_03775.png,1
mnist_03776.png,3
mnist_03777.png,3
mnist_03778.png,3
mnist_03779.png,0
mnist_03780.png,1
mnist_03781.png,2
mnist_03782.png,1
mnist_03783.png,3
mnist_03784.png,2
mnist_03785.png,3
mnist_03786.png,1
mnist_03787.png,0
mnist_03788.png,0
mnist_03789.png,3
mnist_03790.png,0
mnist_03791.png,3
mnist_03792.png,1
mnist_03793.png,1
mnist_03794.png,1
mnist_03795.png,3
mnist_03796.png,2
mnist_03797.png,3
mnist_03798.png,1
mnist_03799.png,1
mnist_03800.png,0
mnist_03801.png,3
mnist_03802.png,0
mnist_03803.png,1
mnist_03804.png,0
mnist_03805.png,1
mnist_03806.png,2
mnist_03807.png,3
mnist_03808.png,3
mnist_03809.png,3
mnist_03810.png,3
mnist_03811.png,1
mnist_03812.png,0
mnist_03813.png,2
mnist_03814.png,2
mnist_03815.png,0
mnist_03816.png,0
mnist_03817.png,2
mnist_03818.png,2
mnist_03819.png,2
mnist_03820.png,2
mnist_03821.png,1
mnist_03822.png,3
mnist_03823.png,1
mnist_03824.png,0
mnist_03825.png,1
mnist_03826.png,1
mnist_03827.png,0
mnist_03828.png,3
mnist_03829.png,3
mnist_03830.png,2
mnist_03831.png,1
mnist_03832.png,0
mnist_03833.png,3
mnist_03834.png,0
mnist_03835.png,2
mnist_03836.png,2
mnist_03837.png,3
mnist_03838.png,0
mnist_03839.png,3
mnist_03840.png,0
mnist_03841.png,0
mnist_03842.png,0
mnist_03843.png,1
mnist_03844.png,1
mnist_03845.png,3
mnist_03846.png,3
mnist_03847.png,1
mnist_03848.png,2
mnist_03849.png,2
mnist_03850.png,2
mnist_03851.png,0
mnist_03852.png,1
mnist_03853.png,0
mnist_03854.png,1
mnist_03855.png,3
mnist_03856.png,0
mnist_03857.png,3
mnist_03858.png,2
mnist_03859.png,0
mnist_03860.png,0
mnist_03861.png,2
mnist_03862.png,2
mnist_03863.png,2
mnist_03864.png,3
mnist_03865.png,2
mnist_03866.png,2
mnist_03867.png,2
mnist_03868.png,3
mnist_03869.png,3
mnist_03870.png,1
mnist_03871.png,2
mnist_03872.png,0
mnist_03873.png,3
mnist_03874.png,0
mnist_03875.png,2
mnist_03876.png,3
mnist_03877.png,3
mnist_03878.png,2
mnist_03879.png,1
mnist_03880.png,0
mnist_03881.png,2
mnist_03882.png,2
mnist_03883.png,2
mnist_03884.png,2
mnist_03885.png,1
mnist_03886.png,2
mnist_03887.png,2
mnist_03888.png,0
mnist_03889.png,2
mnist_03890.png,1
mnist_03891.png,3
mnist_03892.png,0
mnist_03893.png,2
mnist_03894.png,0
mnist_03895.png,0
mnist_03896.png,2
mnist_03897.png,2
mnist_03898.png,3
mnist_03899.png,2
mnist_03900.png,1
mnist_03901.png,1
mnist_03902.png,3
mnist_03903.png,0
mnist_03904.png,2
mnist_03905.png,1
mnist_03906.png,3
mnist_03907.png,2
mnist_03908.png,1
mnist_03909.png,1
mnist_03910.png,1
mnist_03911.png,1
mnist_03912.png,2
mnist_03913.png,3
mnist_03914.png,0
mnist_03915.png,1
mnist_03916.png,3
mnist_03917.png,2
mnist_03918.png,2
mnist_03919.png,3
mnist_03920.png,0
mnist_03921.png,2
mnist_03922.png,2
mnist_03923.png,1
mnist_03924.png,3
mnist_03925.png,1
mnist_03926.png,0
mnist_03927.png,3
mnist_03928.png,3
mnist_03929.png,0
mnist_03930.png,3
mnist_03931.png,0
mnist_03932.png,3
mnist_03933.png,0
mnist_03934.png,0
mnist_03935.png,1
mnist_03936.png,0
mnist_03937.png,3
mnist_03938.png,2
mnist_03939.png,2
mnist_03940.png,0
mnist_03941.png,3
mnist_03942.png,2
mnist_03943.png,3
mnist_03944.png,3
mnist_03945.png,1
mnist_03946.png,2
mnist_03947.png,3
mnist_03948.png,0
mnist_03949.png,2
mnist_03950.png,1
mnist_03951.png,2
mnist_03952.png,1
mnist_03953.png,1
mnist_03954.png,0
mnist_03955.png,2
mnist_03956.png,3
mnist_03957.png,0
mnist_03958.png,2
mnist_03959.png,3
mnist_03960.png,2
mnist_03961.png,1
mnist_03962.png,1
mnist_03963.png,1
mnist_03964.png,2
mnist_03965.png,1
mnist_03966.png,1
mnist_03967.png,3
mnist_03968.png,1
mnist_03969.png,3
mnist_03970.png,2
mnist_03971.png,0
mnist_03972.png,2
mnist_03973.png,0
mnist_03974.png,3
mnist_03975.png,3
mnist_03976.png,3
mnist_03977.png,1
mnist_03978.png,2
mnist_03979.png,2
mnist_03980.png,1
mnist_03981.png,3
mnist_03982.png,3
mnist_03983.png,3
mnist_03984.png,1
mnist_03985.png,3
mnist_03986.png,0
mnist_03987.png,3
mnist_03988.png,1
mnist_03989.png,0
mnist_03990.png,2
mnist_03991.png,3
mnist_03992.png,2
mnist_03993.png,0
mnist_03994.png,3
mnist_03995.png,3
mnist_03996.png,3
mnist_03997.png,1
mnist_03998.png,0
mnist_03999.png,2
mnist_04000.png,2
mnist_04001.png,3
mnist_04002.png,1
mnist_04003.png,1
mnist_04004.png,0
mnist_04005.png,1
mnist_04006.png,2
mnist_04007.png,2
mnist_04008.png,3
mnist_04009.png,2
mnist_04010.png,0
mnist_04011.png,1
mnist_04012.png,3
mnist_04013.png,2
mnist_04014.png,1
mnist_04015.png,0
mnist_04016.png,3
mnist_04017.png,2
mnist_04018.png,2
mnist_04019.png,3
mnist_04020.png,2
mnist_04021.png,1
mnist_04022.png,3
mnist_04023.png,1
mnist_04024.png,0
mnist_04025.png,1
mnist_04026.png,2
mnist_04027.png,3
mnist_04028.png,0
mnist_04029.png,3
mnist_04030.png,2
mnist_04031.png,0
mnist_04032.png,1
mnist_04033.png,0
mnist_04034.png,0
mnist_04035.png,1
mnist_04036.png,2
mnist_04037.png,0
mnist_04038.png,2
mnist_04039.png,1
mnist_04040.png,2
mnist_04041.png,3
mnist_04042.png,3
mnist_04043.png,2
mnist_04044.png,0
mnist_04045.png,3
mnist_04046.png,3
mnist_04047.png,0
mnist_04048.png,2
mnist_04049.png,2
mnist_04050.png,2
mnist_04051.png,3
mnist_04052.png,2
mnist_04053.png,0
mnist_04054.png,2
mnist_04055.png,2
mnist_04056.png,1
mnist_04057.png,2
mnist_04058.png,3
mnist_04059.png,3
mnist_04060.png,2
mnist_04061.png,2
mnist_04062.png,3
mnist_04063.png,2
mnist_04064.png,2
mnist_04065.png,0
mnist_04066.png,0
mnist_04067.png,0
mnist_04068.png,3
mnist_04069.png,3
mnist_04070.png,1
mnist_04071.png,3
mnist_04072.png,2
mnist_04073.png,2
mnist_04074.png,2
mnist_04075.png,1
mnist_04076.png,2
mnist_04077.png,0
mnist_04078.png,2
mnist_04079.png,0
mnist_04080.png,1
mnist_04081.png,0
mnist_04082.png,3
mnist_04083.png,3
mnist_04084.png,2
mnist_04085.png,3
mnist_04086.png,2
mnist_04087.png,3
mnist_04088.png,3
mnist_04089.png,3
mnist_04090.png,2
mnist_04091.png,3
mnist_04092.png,1
mnist_04093.png,1
mnist_04094.png,3
mnist_04095.png,0
mnist_04096.png,1
mnist_04097.png,2
mnist_04098.png,2
mnist_04099.png,1
mnist_04100.png,3
mnist_04101.png,3
mnist_04102.png,1
mnist_04103.png,2
mnist_04104.png,2
mnist_04105.png,2
mnist_04106.png,0
mnist_04107.png,2
mnist_04108.png,3
mnist_04109.png,2
mnist_04110.png,2
mnist_04111.png,0
mnist_04112.png,1
mnist_04113.png,0
mnist_04114.png,2
mnist_04115.png,3
mnist_04116.png,1
mnist_04117.png,1
mnist_04118.png,2
mnist_04119.png,0
mnist_04120.png,0
mnist_04121.png,0
mnist_04122.png,3
mnist_04123.png,3
mnist_04124.png,3
mnist_04125.png,1
mnist_04126.png,1
mnist_04127.png,2
mnist_04128.png,2
mnist_04129.png,2
mnist_04130.png,3
mnist_04131.png,3
mnist_04132.png,1
mnist_04133.png,1
mnist_04134.png,0
mnist_04135.png,2
mnist_04136.png,1
mnist_04137.png,1
mnist_04138.png,2
mnist_04139.png,1
mnist_04140.png,2
mnist_04141.png,2
mnist_04142.png,2
mnist_04143.png,2
mnist_04144.png,1
mnist_04145.png,0
mnist_04146.png,0
mnist_04147.png,3
mnist_04148.png,0
mnist_04149.png,3
mnist_04150.png,2
mnist_04151.png,3
mnist_04152.png,2
mnist_04153.png,2
mnist_04154.png,0
mnist_04155.png,1
mnist_04156.png,1
mnist_04157.png,1
mnist_04158.png,0
mnist_04159.png,2
mnist_04160.png,1
mnist_04161.png,0
mnist_04162.png,2
mnist_04163.png,3
mnist_04164.png,1
mnist_04165.png,3
mnist_04166.png,3
mnist_04167.png,1
mnist_04168.png,3
mnist_04169.png,3
mnist_04170.png,1
mnist_04171.png,0
mnist_04172.png,3
mnist_04173.png,2
mnist_04174.png,3
mnist_04175.png,0
mnist_04176.png,1
mnist_04177.png,2
mnist_04178.png,0
mnist_04179.png,3
mnist_04180.png,1
mnist_04181.png,1
mnist_04182.png,3
mnist_04183.png,1
mnist_04184.png,1
mnist_04185.png,1
mnist_04186.png,1
mnist_04187.png,2
mnist_04188.png,1
mnist_04189.png,1
mnist_04190.png,0
mnist_04191.png,0
mnist_04192.png,1
mnist_04193.png,2
mnist_04194.png,0
mnist_04195.png,1
mnist_04196.png,0
mnist_04197.png,1
mnist_04198.png,3
mnist_04199.png,1
mnist_04200.png,0
mnist_04201.png,3
mnist_04202.png,0
mnist_04203.png,2
mnist_04204.png,2
mnist_04205.png,0
mnist_04206.png,3
mnist_04207.png,2
mnist_04208.png,1
mnist_04209.png,0
mnist_04210.png,3
mnist_04211.png,3
mnist_04212.png,3
mnist_04213.png,0
mnist_04214.png,3
mnist_04215.png,2
mnist_04216.png,1
mnist_04217.png,2
mnist_04218.png,3
mnist_04219.png,2
mnist_04220.png,1
mnist_04221.png,2
mnist_04222.png,3
mnist_04223.png,2
mnist_04224.png,0
mnist_04225.png,0
mnist_04226.png,3
mnist_04227.png,0
mnist_04228.png,2
mnist_04229.png,2
mnist_04230.png,3
mnist_04231.png,2
mnist_04232.png,1
mnist_04233.png,3
mnist_04234.png,3
mnist_04235.png,1
mnist_04236.png,1
mnist_04237.png,0
mnist_04238.png,3
mnist_04239.png,0
mnist_04240.png,2
mnist_04241.png,2
mnist_04242.png,2
mnist_04243.png,0
mnist_04244.png,1
mnist_04245.png,0
mnist_04246.png,3
mnist_04247.png,1
mnist_04248.png,0
mnist_04249.png,1
mnist_04250.png,2
mnist_04251.png,3
mnist_04252.png,0
mnist_04253.png,3
mnist_04254.png,1
mnist_04255.png,3
mnist_04256.png,2
mnist_04257.png,3
mnist_04258.png,1
mnist_04259.png,0
mnist_04260.png,0
mnist_04261.png,0
mnist_04262.png,0
mnist_04263.png,2
mnist_04264.png,3
mnist_04265.png,1
mnist_04266.png,0
mnist_04267.png,2
mnist_04268.png,3
mnist_04269.png,1
mnist_04270.png,1
mnist_04271.png,0
mnist_04272.png,2
mnist_04273.png,0
mnist_04274.png,2
mnist_04275.png,1
mnist_04276.png,3
mnist_04277.png,1
mnist_04278.png,3
mnist_04279.png,2
mnist_04280.png,2
mnist_04281.png,1
mnist_04282.png,3
mnist_04283.png,3
mnist_04284.png,0
mnist_04285.png,0
mnist_04286.png,1
mnist_04287.png,1
mnist_04288.png,1
mnist_04289.png,1
mnist_04290.png,1
mnist_04291.png,1
mnist_04292.png,2
mnist_04293.png,1
mnist_04294.png,1
mnist_04295.png,1
mnist_04296.png,3
mnist_04297.png,2
mnist_04298.png,2
mnist_04299.png,2
mnist_04300.png,0
mnist_04301.png,2
mnist_04302.png,3
mnist_04303.png,1
mnist_04304.png,1
mnist_04305.png,0
mnist_04306.png,2
mnist_04307.png,2
mnist_04308.png,0
mnist_04309.png,0
mnist_04310.png,3
mnist_04311.png,0
mnist_04312.png,2
mnist_04313.png,0
mnist_04314.png,2
mnist_04315.png,0
mnist_04316.png,3
mnist_04317.png,1
mnist_04318.png,2
mnist_04319.png,1
mnist_04320.png,1
mnist_04321.png,1
mnist_04322.png,0
mnist_04323.png,3
mnist_04324.png,1
mnist_04325.png,2
mnist_04326.png,1
mnist_04327.png,0
mnist_04328.png,3
mnist_04329.png,1
mnist_04330.png,3
mnist_04331.png,1
mnist_04332.png,3
mnist_04333.png,0
mnist_04334.png,0
mnist_04335.png,3
mnist_04336.png,1
mnist_04337.png,1
mnist_04338.png,1
mnist_04339.png,3
mnist_04340.png,0
mnist_04341.png,3
mnist_04342.png,0
mnist_04343.png,1
mnist_04344.png,0
mnist_04345.png,0
mnist_04346.png,3
mnist_04347.png,2
mnist_04348.png,1
mnist_04349.png,1
mnist_04350.png,1
mnist_04351.png,3
mnist_04352.png,2
mnist_04353.png,3
mnist_04354.png,3
mnist_04355.png,3
mnist_04356.png,3
mnist_04357.png,3
mnist_04358.png,2
mnist_04359.png,3
mnist_04360.png,2
mnist_04361.png,2
mnist_04362.png,0
mnist_04363.png,0
mnist_04364.png,1
mnist_04365.png,3
mnist_04366.png,1
mnist_04367.png,1
mnist_04368.png,2
mnist_04369.png,1
mnist_04370.png,2
mnist_04371.png,0
mnist_04372.png,2
mnist_04373.png,3
mnist_04374.png,3
mnist_04375.png,2
mnist_04376.png,2
mnist_04377.png,0
mnist_04378.png,2
mnist_04379.png,1
mnist_04380.png,0
mnist_04381.png,2
mnist_04382.png,0
mnist_04383.png,1
mnist_04384.png,1
mnist_04385.png,2
mnist_04386.png,0
mnist_04387.png,0
mnist_04388.png,0
mnist_04389.png,1
mnist_04390.png,0
mnist_04391.png,1
mnist_04392.png,1
mnist_04393.png,2
mnist_04394.png,0
mnist_04395.png,0
mnist_04396.png,2
mnist_04397.png,1
mnist_04398.png,0
mnist_04399.png,1
mnist_04400.png,1
mnist_04401.png,0
mnist_04402.png,1
mnist_04403.png,2
mnist_04404.png,1
mnist_04405.png,3
mnist_04406.png,1
mnist_04407.png,0
mnist_04408.png,0
mnist_04409.png,0
mnist_04410.png,2
mnist_04411.png,1
mnist_04412.png,3
mnist_04413.png,0
mnist_04414.png,1
mnist_04415.png,2
mnist_04416.png,2
mnist_04417.png,1
mnist_04418.png,2
mnist_04419.png,1
mnist_04420.png,2
mnist_04421.png,1
mnist_04422.png,2
mnist_04423.png,0
mnist_04424.png,1
mnist_04425.png,2
mnist_04426.png,2
mnist_04427.png,0
mnist_04428.png,3
mnist_04429.png,0
mnist_04430.png,0
mnist_04431.png,0
mnist_04432.png,2
mnist_04433.png,2
mnist_04434.png,3
mnist_04435.png,0
mnist_04436.png,2
mnist_04437.png,3
mnist_04438.png,1
mnist_04439.png,0
mnist_04440.png,2
mnist_04441.png,0
mnist_04442.png,1
mnist_04443.png,3
mnist_04444.png,2
mnist_04445.png,1
mnist_04446.png,1
mnist_04447.png,3
mnist_04448.png,0
mnist_04449.png,2
mnist_04450.png,1
mnist_04451.png,1
mnist_04452.png,2
mnist_04453.png,0
mnist_04454.png,0
mnist_04455.png,2
mnist_04456.png,2
mnist_04457.png,3
mnist_04458.png,0
mnist_04459.png,2
mnist_04460.png,2
mnist_04461.png,3
mnist_04462.png,2
mnist_04463.png,3
mnist_04464.png,3
mnist_04465.png,2
mnist_04466.png,0
mnist_04467.png,1
mnist_04468.png,1
mnist_04469.png,0
mnist_04470.png,0
mnist_04471.png,3
mnist_04472.png,3
mnist_04473.png,1
mnist_04474.png,0
mnist_04475.png,1
mnist_04476.png,2
mnist_04477.png,2
mnist_04478.png,0
mnist_04479.png,3
mnist_04480.png,3
mnist_04481.png,0
mnist_04482.png,1
mnist_04483.png,0
mnist_04484.png,0
mnist_04485.png,3
mnist_04486.png,2
mnist_04487.png,0
mnist_04488.png,0
mnist_04489.png,3
mnist_04490.png,1
mnist_04491.png,2
mnist_04492.png,1
mnist_04493.png,1
mnist_04494.png,2
mnist_04495.png,3
mnist_04496.png,1
mnist_04497.png,3
mnist_04498.png,1
mnist_04499.png,0
mnist_04500.png,0
mnist_04501.png,0
mnist_04502.png,1
mnist_04503.png,1
mnist_04504.png,0
mnist_04505.png,2
mnist_04506.png,3
mnist_04507.png,0
mnist_04508.png,0
mnist_04509.png,2
mnist_04510.png,3
mnist_04511.png,2
mnist_04512.png,2
mnist_04513.png,2
mnist_04514.png,3
mnist_04515.png,1
mnist_04516.png,3
mnist_04517.png,3
mnist_04518.png,1
mnist_04519.png,1
mnist_04520.png,0
mnist_04521.png,3
mnist_04522.png,3
mnist_04523.png,3
mnist_04524.png,0
mnist_04525.png,1
mnist_04526.png,1
mnist_04527.png,2
mnist_04528.png,0
mnist_04529.png,3
mnist_04530.png,1
mnist_04531.png,1
mnist_04532.png,2
mnist_04533.png,3
mnist_04534.png,2
mnist_04535.png,2
mnist_04536.png,0
mnist_04537.png,0
mnist_04538.png,2
mnist_04539.png,1
mnist_04540.png,2
mnist_04541.png,3
mnist_04542.png,1
mnist_04543.png,0
mnist_04544.png,3
mnist_04545.png,0
mnist_04546.png,2
mnist_04547.png,1
mnist_04548.png,2
mnist_04549.png,2
mnist_04550.png,0
mnist_04551.png,3
mnist_04552.png,0
mnist_04553.png,1
mnist_04554.png,3
mnist_04555.png,2
mnist_04556.png,2
mnist_04557.png,3
mnist_04558.png,1
mnist_04559.png,0
mnist_04560.png,3
mnist_04561.png,0
mnist_04562.png,2
mnist_04563.png,0
mnist_04564.png,1
mnist_04565.png,3
mnist_04566.png,0
mnist_04567.png,0
mnist_04568.png,2
mnist_04569.png,3
mnist_04570.png,0
mnist_04571.png,3
mnist_04572.png,2
mnist_04573.png,2
mnist_04574.png,2
mnist_04575.png,0
mnist_04576.png,0
mnist_04577.png,3
mnist_04578.png,3
mnist_04579.png,0
mnist_04580.png,3
mnist_04581.png,3
mnist_04582.png,3
mnist_04583.png,3
mnist_04584.png,3
mnist_04585.png,1
mnist_04586.png,1
mnist_04587.png,1
mnist_04588.png,1
mnist_04589.png,2
mnist_04590.png,1
mnist_04591.png,2
mnist_04592.png,0
mnist_04593.png,3
mnist_04594.png,3
mnist_04595.png,1
mnist_04596.png,2
mnist_04597.png,0
mnist_04598.png,1
mnist_04599.png,1
mnist_04600.png,2
mnist_04601.png,1
mnist_04602.png,2
mnist_04603.png,0
mnist_04604.png,3
mnist_04605.png,0
mnist_04606.png,0
mnist_04607.png,2
mnist_04608.png,2
mnist_04609.png,3
mnist_04610.png,1
mnist_04611.png,2
mnist_04612.png,1
mnist_04613.png,2
mnist_04614.png,0
mnist_04615.png,3
mnist_04616.png,2
mnist_04617.png,1
mnist_04618.png,0
mnist_04619.png,0
mnist_04620.png,1
mnist_04621.png,1
mnist_04622.png,2
mnist_04623.png,1
mnist_04624.png,1
mnist_04625.png,3
mnist_04626.png,1
mnist_04627.png,2
mnist_04628.png,0
mnist_04629.png,3
mnist_04630.png,2
mnist_04631.png,1
mnist_04632.png,2
mnist_04633.png,1
mnist_04634.png,3
mnist_04635.png,0
mnist_04636.png,0
mnist_04637.png,0
mnist_04638.png,3
mnist_04639.png,2
mnist_04640.png,1
mnist_04641.png,1
mnist_04642.png,2
mnist_04643.png,2
mnist_04644.png,1
mnist_04645.png,1
mnist_04646.png,3
mnist_04647.png,0
mnist_04648.png,0
mnist_04649.png,0
mnist_04650.png,0
mnist_04651.png,3
mnist_04652.png,3
mnist_04653.png,3
mnist_04654.png,3
mnist_04655.png,3
mnist_04656.png,1
mnist_04657.png,3
mnist_04658.png,1
mnist_04659.png,2
mnist_04660.png,0
mnist_04661.png,1
mnist_04662.png,0
mnist_04663.png,1
mnist_04664.png,2
mnist_04665.png,1
mnist_04666.png,3
mnist_04667.png,3
mnist_04668.png,1
mnist_04669.png,2
mnist_04670.png,1
mnist_04671.png,0
mnist_04672.png,0
mnist_04673.png,0
mnist_04674.png,0
mnist_04675.png,0
mnist_04676.png,3
mnist_04677.png,3
mnist_04678.png,3
mnist_04679.png,3
mnist_04680.png,1
mnist_04681.png,1
mnist_04682.png,1
mnist_04683.png,3
mnist_04684.png,0
mnist_04685.png,2
mnist_04686.png,1
mnist_04687.png,0
mnist_04688.png,0
mnist_04689.png,3
mnist_04690.png,2
mnist_04691.png,2
mnist_04692.png,3
mnist_04693.png,3
mnist_04694.png,0
mnist_04695.png,2
mnist_04696.png,0
mnist_04697.png,1
mnist_04698.png,2
mnist_04699.png,1
mnist_04700.png,2
mnist_04701.png,0
mnist_04702.png,0
mnist_04703.png,0
mnist_04704.png,0
mnist_04705.png,3
mnist_04706.png,2
mnist_04707.png,3
mnist_04708.png,0
mnist_04709.png,0
mnist_04710.png,3
mnist_04711.png,1
mnist_04712.png,3
mnist_04713.png,1
mnist_04714.png,0
mnist_04715.png,0
mnist_04716.png,3
mnist_04717.png,2
mnist_04718.png,0
mnist_04719.png,0
mnist_04720.png,0
mnist_04721.png,3
mnist_04722.png,1
mnist_04723.png,1
mnist_04724.png,0
mnist_04725.png,0
mnist_04726.png,1
mnist_04727.png,3
mnist_04728.png,2
mnist_04729.png,3
mnist_04730.png,3
mnist_04731.png,0
mnist_04732.png,3
mnist_04733.png,1
mnist_04734.png,0
mnist_04735.png,1
mnist_04736.png,1
mnist_04737.png,1
mnist_04738.png,1
mnist_04739.png,2
mnist_04740.png,3
mnist_04741.png,0
mnist_04742.png,2
mnist_04743.png,1
mnist_04744.png,2
mnist_04745.png,0
mnist_04746.png,2
mnist_04747.png,3
mnist_04748.png,0
mnist_04749.png,2
mnist_04750.png,3
mnist_04751.png,0
mnist_04752.png,0
mnist_04753.png,1
mnist_04754.png,1
mnist_04755.png,3
mnist_04756.png,0
mnist_04757.png,0
mnist_04758.png,2
mnist_04759.png,0
mnist_04760.png,1
mnist_04761.png,0
mnist_04762.png,0
mnist_04763.png,3
mnist_04764.png,3
mnist_04765.png,1
mnist_04766.png,0
mnist_04767.png,3
mnist_04768.png,3
mnist_04769.png,1
mnist_04770.png,0
mnist_04771.png,2
mnist_04772.png,0
mnist_04773.png,3
mnist_04774.png,0
mnist_04775.png,1
mnist_04776.png,3
mnist_04777.png,1
mnist_04778.png,0
mnist_04779.png,0
mnist_04780.png,0
mnist_04781.png,2
mnist_04782.png,1
mnist_04783.png,0
mnist_04784.png,2
mnist_04785.png,3
mnist_04786.png,0
mnist_04787.png,0
mnist_04788.png,3
mnist_04789.png,0
mnist_04790.png,0
mnist_04791.png,3
mnist_04792.png,3
mnist_04793.png,1
mnist_04794.png,2
mnist_04795.png,1
mnist_04796.png,1
mnist_04797.png,0
mnist_04798.png,1
mnist_04799.png,2
mnist_04800.png,3
mnist_04801.png,2
mnist_04802.png,3
mnist_04803.png,2
mnist_04804.png,3
mnist_04805.png,3
mnist_04806.png,0
mnist_04807.png,3
mnist_04808.png,1
mnist_04809.png,0
mnist_04810.png,2
mnist_04811.png,3
mnist_04812.png,3
mnist_04813.png,0
mnist_04814.png,0
mnist_04815.png,1
mnist_04816.png,2
mnist_04817.png,0
mnist_04818.png,1
mnist_04819.png,0
mnist_04820.png,1
mnist_04821.png,1
mnist_04822.png,3
mnist_04823.png,1
mnist_04824.png,0
mnist_04825.png,3
mnist_04826.png,0
mnist_04827.png,3
mnist_04828.png,3
mnist_04829.png,2
mnist_04830.png,0
mnist_04831.png,2
mnist_04832.png,0
mnist_04833.png,2
mnist_04834.png,3
mnist_04835.png,1
mnist_04836.png,3
mnist_04837.png,2
mnist_04838.png,2
mnist_04839.png,2
mnist_04840.png,1
mnist_04841.png,3
mnist_04842.png,3
mnist_04843.png,3
mnist_04844.png,3
mnist_04845.png,1
mnist_04846.png,0
mnist_04847.png,3
mnist_04848.png,1
mnist_04849.png,1
mnist_04850.png,1
mnist_04851.png,2
mnist_04852.png,0
mnist_04853.png,1
mnist_04854.png,3
mnist_04855.png,3
mnist_04856.png,2
mnist_04857.png,0
mnist_04858.png,0
mnist_04859.png,1
mnist_04860.png,3
mnist_04861.png,2
mnist_04862.png,0
mnist_04863.png,1
mnist_04864.png,3
mnist_04865.png,0
mnist_04866.png,0
mnist_04867.png,0
mnist_04868.png,3
mnist_04869.png,3
mnist_04870.png,3
mnist_04871.png,3
mnist_04872.png,2
mnist_04873.png,2
mnist_04874.png,2
mnist_04875.png,3
mnist_04876.png,2
mnist_04877.png,0
mnist_04878.png,0
mnist_04879.png,3
mnist_04880.png,1
mnist_04881.png,1
mnist_04882.png,1
mnist_04883.png,0
mnist_04884.png,2
mnist_04885.png,2
mnist_04886.png,1
mnist_04887.png,3
mnist_04888.png,3
mnist_04889.png,2
mnist_04890.png,3
mnist_04891.png,2
mnist_04892.png,2
mnist_04893.png,3
mnist_04894.png,2
mnist_04895.png,2
mnist_04896.png,3
mnist_04897.png,2
mnist_04898.png,3
mnist_04899.png,0
mnist_04900.png,1
mnist_04901.png,3
mnist_04902.png,3
mnist_04903.png,2
mnist_04904.png,0
mnist_04905.png,0
mnist_04906.png,0
mnist_04907.png,3
mnist_04908.png,0
mnist_04909.png,2
mnist_04910.png,1
mnist_04911.png,1
mnist_04912.png,2
mnist_04913.png,0
mnist_04914.png,0
mnist_04915.png,0
mnist_04916.png,2
mnist_04917.png,2
mnist_04918.png,3
mnist_04919.png,3
mnist_04920.png,3
mnist_04921.png,2
mnist_04922.png,3
mnist_04923.png,3
mnist_04924.png,2
mnist_04925.png,3
mnist_04926.png,2
mnist_04927.png,3
mnist_04928.png,1
mnist_04929.png,3
mnist_04930.png,1
mnist_04931.png,3
mnist_04932.png,2
mnist_04933.png,1
mnist_04934.png,3
mnist_04935.png,1
mnist_04936.png,1
mnist_04937.png,2
mnist_04938.png,1
mnist_04939.png,2
mnist_04940.png,2
mnist_04941.png,0
mnist_04942.png,2
mnist_04943.png,2
mnist_04944.png,3
mnist_04945.png,0
mnist_04946.png,1
mnist_04947.png,1
mnist_04948.png,2
mnist_04949.png,3
mnist_04950.png,0
mnist_04951.png,1
mnist_04952.png,2
mnist_04953.png,1
mnist_04954.png,1
mnist_04955.png,1
mnist_04956.png,3
mnist_04957.png,1
mnist_04958.png,3
mnist_04959.png,0
mnist_04960.png,2
mnist_04961.png,2
mnist_04962.png,0
mnist_04963.png,2
mnist_04964.png,0
mnist_04965.png,0
mnist_04966.png,3
mnist_04967.png,2
mnist_04968.png,3
mnist_04969.png,2
mnist_04970.png,2
mnist_04971.png,0
mnist_04972.png,0
mnist_04973.png,0
mnist_04974.png,3
mnist_04975.png,1
mnist_04976.png,3
mnist_04977.png,2
mnist_04978.png,2
mnist_04979.png,0
mnist_04980.png,1
mnist_04981.png,1
mnist_04982.png,3
mnist_04983.png,2
mnist_04984.png,1
mnist_04985.png,1
mnist_04986.png,0
mnist_04987.png,1
mnist_04988.png,0
mnist_04989.png,3
mnist_04990.png,1
mnist_04991.png,3
mnist_04992.png,2
mnist_04993.png,2
mnist_04994.png,3
mnist_04995.png,3
mnist_04996.png,1
mnist_04997.png,0
mnist_04998.png,2
mnist_04999.png,1
